userName,score,at,content
Feri Nanda Saputra,5,2024-08-06 11:51:18,luar biasa
Fajar Sw,3,2024-08-06 08:48:14,Fitur membaca koran nya udah dihapus kah? Kok tiap dibuka dialihin ke browser. Mau buka offline juga malah diarahin ke playstore
Guntur Se,5,2024-08-05 14:34:08,keren
Fingkan Nadia,5,2024-08-05 14:10:30,sangat menyenangkan dan mudah untuk di pahami
Alexandria Rhma,5,2024-08-05 13:50:27,membantu kita untuk mengerjakan tugas atau translit bahasa
Aku Tau,5,2024-08-05 06:04:08,good
Jalema Gelo,5,2024-08-05 05:49:59,madep
key 22,4,2024-08-05 04:25:41,👍👍👍👍
Teti Teti rosmala,4,2024-08-05 03:51:32,oke
Okta sri dayanti,4,2024-08-05 03:46:26,WAAH BAGUSSS BANGETT
Ahmad Khoerul Anam,5,2024-08-04 23:25:42,mantap membantu
Manjing Dong,5,2024-08-04 06:27:44,bagus sayang nya harus beli biar vip😊
Jackywillan Tara,5,2024-08-04 00:24:08,Bisa komunikasi dengan berbahasa jepang
lamah suria,5,2024-08-03 16:08:19,oky
Muhammad Adrian,5,2024-08-03 08:52:48,bagus
Sahasrara Aryapradana,5,2024-08-03 07:29:23,"aslinya bermanfaat banget, gw nya aja yang jarang pake apk ini"
zall xyw,5,2024-08-03 03:35:11,kerenn
fatur riski,5,2024-08-02 13:10:37,sangat membantu
Fadli Nurullah Sahal,1,2024-08-01 12:45:18,KURANG BANYAK IKLAN NYA
Asep Ramdoni,5,2024-08-01 06:28:42,simpel nyaman buat belajar bisa jepang
23_Yudha Dwi Saputra,4,2024-08-01 03:38:52,"Semua fitur sangat membantu dalam proses pembelajaran bahasa Jepang, tapi kenapa ketika saya ingin belajar abjad ""Hiragana"" dan ""Katakana"", saya tekan bagian itu tidak bisa muncul huruf-hurufnya? Padahal sebelumnya bisa, terkadang bug itu sering muncul akibatnya saya tidak bisa belajar abjad hiragana dan katakana"
Jahsyi nur Abdillah,5,2024-07-31 05:33:31,aplikasi nya keren fiturnya komplit
Oyeng,5,2024-07-31 02:12:57,bagus
Jul Kifli,5,2024-07-30 15:13:18,apk yg bagus buat belajar bahasa jepang
HAYPER GAMES,5,2024-07-30 01:25:24,おｐ
Heru Mauladi,5,2024-07-29 05:18:03,sangat membantu
Galih Nuriman,5,2024-07-29 03:04:28,belum paham semua mencoba memahami namun sangat membantu
Misroni roni,5,2024-07-28 16:10:18,semoga bisa
Hasan Santosa,5,2024-07-28 15:22:04,良いね
Restu Febrianto,1,2024-07-28 10:56:11,Untuk ukuran pemula aplikasi ini sangat membingungkan
Jovan Enggarprayoga,5,2024-07-28 09:05:35,sugoi
Rifly Andika,5,2024-07-28 02:48:41,"mantep, cman bnyak iklan"
Zhafira Wutiya Sari,5,2024-07-27 23:33:50,Bagus banget 😍
Chisie,5,2024-07-27 10:52:25,マジで助かったよ、このアプリ ☆
Frendy Is,5,2024-07-26 13:54:57,sangat membantu sekali
Nanda R Tris,5,2024-07-26 06:48:48,すごい です、私 感じ を お願いしました
Nurhayati Nainggolan,5,2024-07-25 15:30:39,totemo ii
Resty Natalia,5,2024-07-25 00:02:55,bagus
Dian Kesuma,5,2024-07-23 10:28:58,SANGAT BAGUS!!!!
Wahyu hidayat,5,2024-07-22 15:35:56,mantap
Qieqy Ritonga,5,2024-07-22 14:41:27,ほんとにすきです. どうも ありがとございます.
affAn,5,2024-07-22 13:37:45,belajarnya susah tapi sangat menyenangkan dan berguna
Yussi Armell,1,2024-07-22 12:44:33,kenapa ya latihan ujian nya ga bisa di draft?
Komang Eri,5,2024-07-22 11:41:23,sangat membantu
Dudung Nanda,5,2024-07-22 06:34:19,mantap
Kenz Mamat,5,2024-07-22 03:01:51,sangat membantu sekali
Azmi Doang,5,2024-07-21 16:06:28,Sangat membantu sekali
Siti Mulhimah,5,2024-07-21 12:39:15,keren bangettt✨😭
Ezx Gaming06,5,2024-07-20 23:06:19,keren
angels Knight,5,2024-07-20 20:04:21,great
Marcell Meinof Hartanto,5,2024-07-20 12:29:39,mantap
Evan Marcellino,2,2024-07-20 11:32:38,"Translate kadang tidak bisa sehingga harus translate menggunakan alternatif lain, banyak iklan juga."
Alfredo Sihombing,5,2024-07-20 02:21:26,luar biasa tanpa bayaran
Ardi ansah,5,2024-07-19 16:52:24,cukup membantu
Aditya Kenzo,5,2024-07-18 15:38:33,keren mantul
Tai Koceng,5,2024-07-18 10:21:21,bagus banget untuk pemula belajar jepang dan bisa digunakan saat offline😘
GENTHO,5,2024-07-18 05:05:26,mntap
Nur Hidayattullah,5,2024-07-17 06:54:01,god bgus klii
Sabu19 “Sabu19 larang03” Larang03,5,2024-07-16 20:58:48,ok
Putra Ahmad,5,2024-07-16 16:38:28,memuaskan
adi sucipto,5,2024-07-16 13:21:07,"aplikasi sangat membantu, bisa untuk belajar, kamus juga, lengkap"
Minz 86,5,2024-07-15 17:04:07,saya suka banget dengan aplikasi ini bisa membantu saya belajar bahasa Jepang
Raka Rafik,5,2024-07-15 12:25:35,sangat membantu
Bayu Didi,5,2024-07-15 04:13:56,bagus
Faisal,3,2024-07-15 04:11:22,Gua di paksa premium kir😤
Roho_san Official,3,2024-07-15 02:14:03,"Untuk tablet xiaomi masih crash min, mohon di perbaiki, thanks"
Dimas Saputra,5,2024-07-14 12:34:28,saya sangat suka
Zainuddin Arsyad,5,2024-07-14 11:28:03,aplikasi cocok buat pemula yang baru mengenal bahasa jepang sangat baik dan mudah dipahami
Faisa Siti,3,2024-07-14 08:15:12,kerenn dess
Syifa Khairani,5,2024-07-14 04:40:23,bagus😍
Pariaman 10,5,2024-07-14 03:58:11,Sangat mambantu the best lah. arigatou
Feri Ardian,5,2024-07-13 20:08:23,markotop wel
Adeyannetri Sianturi,5,2024-07-13 16:58:26,sangat membantu buat belajar bahasa jepang makasiii maziii 🥹🥹
Christian Epafroditus,5,2024-07-13 10:48:27,mantab meskipun rada bingung
Yoga Wirawan,5,2024-07-12 16:03:28,bagus
Rahmat Taopik,5,2024-07-12 13:30:30,OK
Ahmad Khodim,5,2024-07-12 11:29:44,Sangat bagus Dan mudah dipahami
Arbi Arba'a Hermawan,5,2024-07-12 02:33:17,sangan membantu untuk belajar bahasa jepang
Daniyaru Ahmad,5,2024-07-11 06:44:08,Sangat membantu
Teddi WIJA,5,2024-07-10 19:59:15,sangat lengkappppp
Shandi Yudha,5,2024-07-10 05:11:26,👍
Sel Dut,5,2024-07-10 02:55:15,sanagt worid meskipun harus berlanganan
Dedi Irawan,5,2024-07-09 11:04:32,puas bet
Febi Kuncoro,5,2024-07-09 04:09:37,sangat bagus cocok untuk pemula
Riska Aja,5,2024-07-09 00:01:49,saya sangat suka dan terbantu
Ida Lestari,4,2024-07-08 14:28:24,sangat membantu
Niken Lestari,5,2024-07-08 05:17:40,apk ini sungguh membantu
Arizal Dcahyo,5,2024-07-07 22:47:37,sangat baik
Wardi Cahyudin,4,2024-07-07 07:19:29,bagus
Riskiady Saputra,5,2024-07-07 01:28:11,mantap
⌊uωu⌉,5,2024-07-06 17:36:21,本当に助かった、どうも
Senja senja,5,2024-07-06 08:30:38,mantap iklan tolong di kurangin
Fitri Rahayu,5,2024-07-06 04:40:00,mantab
REZA PRAWIRA,5,2024-07-05 07:08:53,aigato
f diaz s,5,2024-07-04 12:11:54,すぎい。
Wahyu Romadhon,5,2024-07-04 07:04:08,sangat membantu pengetahuan untuk belajar
Putu Agus,5,2024-07-04 06:59:05,aplikasinya bagus buat pemula yang baru belajar bahasa jepang
Muhamad Jihad Arfandu,5,2024-07-03 07:35:12,apk ini sangat keren
Muhammad Danuarta,5,2024-07-03 05:34:42,mantap betul ni
ubaid tebu,5,2024-07-02 20:31:52,"costumer service nya paling pol, gercep nanganin masalah bintang 5"
Niken dwi kurniawati,5,2024-07-02 17:29:35,教室があまり明るくないので電気をつけてくださ
Putra Ahmad,5,2024-07-01 17:18:35,sangat puas belajar mazii
Pipoyyy,5,2024-07-01 08:24:37,baguss bgttt
Inde official,5,2024-06-30 03:10:08,ummai
Ava Addams Addams,5,2024-06-29 13:16:42,bagus buat belajar ayo tingkat kan lagi sistem sistem nya biar lebih canggih dan mudah buat belajar
Ahza Gracio,5,2024-06-29 12:21:19,sangat baik untuk pemula yang belajar bahasa jepang
Eko Nursidik,5,2024-06-29 06:41:14,mantap
Adi Prasetyo,5,2024-06-28 14:57:05,"Saya tidak hanya ingin belajar kanji saja,tapi juga hiragana ,yang bikin bingung 🤔kenapa ketika saya terjemahankan dari Indonesia ke jepang itu banyak yang tidak akurat🫣,yang jelas klau menerjemahkan😥"
Lirusli Lirusli,5,2024-06-26 15:06:14,bagus
Fauzi Halim Ulaya,5,2024-06-26 12:40:42,Cocok banget buat belajar bahasa kalo mau otodidak mantap
Ainz Ool,5,2024-06-26 07:22:11,すごいな
Hendri Darmawan,4,2024-06-25 10:52:55,Chokainya tolong diperbaiki lagi dibikin tombol 1 sampai 10 kek masa digeser doang capek gesernya
SYABILA AZHAR,5,2024-06-24 12:53:22,baguss sekalii👍
Anjay Mabar,5,2024-06-24 05:24:00,keren banget 😍
Naning dewi Fitrianingrum,5,2024-06-24 04:38:51,bagus bgt sumpill
Syaiful Anwar,5,2024-06-24 04:20:48,Sugoi
Jogi Ganteng,5,2024-06-23 13:20:35,sangat berguna
Tisna Hidayat,4,2024-06-23 13:00:42,bagus sekali sangat membantu
RawiR 1105,5,2024-06-23 09:16:00,yah bagus untuk belajar berhasa jepang
Cinta rahmah Nadiyah,5,2024-06-23 03:59:24,Bagus dan berguna
A. Raihan A,5,2024-06-23 01:17:46,sangat evektif untuk belajar
Fajar,5,2024-06-22 15:37:34,sangat bagus apk nya
rudi rahmat,5,2024-06-21 22:17:34,sangat menarik
Umang Ganteng,5,2024-06-21 07:20:51,sangat membantu buat yg baru belajar
Nabilafauzia Zulfa,4,2024-06-21 01:23:15,baik
Misbahul Anwar,5,2024-06-20 18:34:56,"cocok buat belajar dari dasar, dan bisa kenala banyak teman, jadi semangat belajar nya"
Dendi Darmawan,5,2024-06-20 06:08:14,Best
Chindy Valensia hutabarat,5,2024-06-20 03:23:18,bagus banget
Rifki Permana,5,2024-06-20 03:11:07,Apk nya sangat bagus dan sangat membantu dan lengkap
Andreas /ahiun,4,2024-06-19 16:40:24,sangat membantu saya dalam menguasai kosa kata dalam bahas Jepang. terimakasih mazzi sudah sedikit membantu saya dalam belajar bahas Jepang.
Mobile Legends : Bang Bang,5,2024-06-19 05:06:18,aplikasi bahasa jepang terbaik yang pernah ada
Muhammad Jundi Sholihuddin Adzikri,5,2024-06-19 00:46:32,Mantappp
Dinda Olivia,5,2024-06-18 02:47:23,bagus😍
Dandi 2022,5,2024-06-17 17:13:46,keren
Emak Gua,5,2024-06-17 13:10:08,good
Marsa Putri zena,5,2024-06-17 09:46:27,"sangat bagusssss dan mudah, tidak banyak iklan nya, cuman sedikit rumit Saja, tetapi ini sangat bagus😍😍"
ridwan nullah,4,2024-06-16 16:31:05,sangat praktis dan membantu
Mahbub Khairus Syifa,4,2024-06-16 06:28:25,bagus
Lilis Qudsiyyah,1,2024-06-16 04:51:33,sangat seru belajarnya
Geo Geo,5,2024-06-16 04:20:48,bagus
Angga Prayoga,5,2024-06-15 11:18:50,baik buat bljar bhasa jepang
Jahra Marani,5,2024-06-15 03:53:35,aplikasi ini sangat membantu 😍
R3za89,5,2024-06-14 15:48:40,bags bngt apk nya
Tondi Clear,5,2024-06-14 14:59:50,mantap
sela amelia,5,2024-06-14 04:46:38,Bagus sekali🤩
Ibnu R,5,2024-06-13 11:15:35,sangad membantu
Abdul Dhir,5,2024-06-13 03:23:32,sangat bagussss
NuzulaidaPutri Romadhoni,5,2024-06-12 18:18:21,ありがとうね
Afiko adiansyah,5,2024-06-12 04:45:07,Aplikasinya sangat membantu
coffe enjoy,5,2024-06-11 03:41:41,sangat di rekomendasikan
Irma_ Rahmawati00,5,2024-06-10 01:21:08,omoshiroiii
Dimas Aji,5,2024-06-09 16:28:50,jos
Maxi Iba,4,2024-06-09 12:59:01,bagus
Yus Nimar,5,2024-06-09 07:28:55,aku sebelum nya terimakasih atas aplikasi ini.karna saya telah berhasil belajar bahasa jepang selama 1 tahun terimakasih ya terimakasih good bye ya
Ahmad Miswanto,5,2024-06-09 06:52:13,Aplikasinya bagus banget kosakata nya juga bagus
Amir Amiruddin Saleh,5,2024-06-09 06:36:13,Ok
Untukhal Lain,5,2024-06-09 05:28:35,bagus bgt aplikasi nya
Muhammad Reinaldi,5,2024-06-08 11:54:35,sangat membantu
vigo rama,5,2024-06-08 10:45:43,nice
Muhamad putra irawan Putra,5,2024-06-08 10:08:41,すごい
RAi ARYADi,5,2024-06-08 05:17:23,ok
Novi Juliani,5,2024-06-08 04:18:20,とてもじょうずです。
Izzy,5,2024-06-08 03:46:43,gud
dede udel,5,2024-06-07 08:10:22,bagus apk ny
Mukhlas M.H,5,2024-06-07 07:57:19,sangat membantu. terimakasih ;)
Sae Adnan,4,2024-06-07 04:07:23,Variasi font perlu ditambah lagi
Anggun Lestari,5,2024-06-07 01:56:15,good
Fachrizal Naufal A,1,2024-06-07 00:55:25,di bagian tes choukai nya udh bener suara nya di ganti yg suara ny g jelas
zacky boy,5,2024-06-06 11:38:30,thx mazii
mufti ana,5,2024-06-06 03:38:34,bagus banget loh maazi ini good joob
Agustina DL,5,2024-06-05 04:57:56,applikasi ini sangat bagus
Ez Life,5,2024-06-05 03:03:49,だいすき
Mas Pasya,5,2024-06-04 14:48:20,baguss sangat membantu
Enoli Gulo,5,2024-06-04 11:06:34,banyak fitur
Zakaria Ahlaq,5,2024-06-04 06:37:24,apk nya bagus
ALFIAN Fian,5,2024-06-03 13:53:31,perfeck buat belajar bahasa jepang 🥰
Neni Nurjannah,5,2024-06-03 05:57:46,the best language
Syufa Aurochman,5,2024-06-03 02:59:13,good job
Gusni Papar,5,2024-06-02 14:35:56,apk yg sangat membantu
06 Dedi Kurniawan XI PH1,5,2024-06-02 03:29:22,Cocok untuk belajar bahasa jepang
Masturiadi Sapit,5,2024-06-01 04:06:29,LENGKAP 👍👍
Eko Harjana,5,2024-06-01 02:15:27,hebat
Rifki Permana,5,2024-05-31 16:43:11,wajib donlod inimah
Ismail Maulana,5,2024-05-31 12:36:39,cocok buat belajar nihh
Ahmad Jaenudin,5,2024-05-31 08:09:38,app keren buat belajar bahasa jepang
Lutfi Kpk,5,2024-05-30 23:25:03,aplikasi sangat rekomendasi karena kanjinya ad hiragana jadi lebih mudah membacanya
deviisetia,5,2024-05-30 10:32:26,"Aplikasinya sangat bagus, sangat membantu sya dalam mempelajari bahasa jepang 💙"
Edo Pratama,5,2024-05-30 08:13:38,tapi iklan nya banyak banget
Widodo Widodo,5,2024-05-29 07:32:24,bagus
Irwan Syah,5,2024-05-28 23:07:54,mantap maji aplikasi memudahkan belajar bahasa jepang
Robi Jpn,5,2024-05-28 22:47:16,ありがとうね。うれしです
suhari shari,4,2024-05-28 04:47:50,Keren
Feruda Inoue,3,2024-05-28 02:01:28,terbaik
Rico Irwansyah,5,2024-05-26 17:13:21,ok
I AM FINE,4,2024-05-26 16:37:06,Thanks _ Bagus yay 😂
Adeeva Chayra Andina,5,2024-05-26 12:03:43,bagus
Hallo Citra,3,2024-05-26 11:55:14,baguss
Adinda Nugraha,5,2024-05-26 08:06:29,arigato-na gw jadi lancar bahasa jepang nya☺️
Hani Nuraeni,5,2024-05-25 22:41:18,Aplikasinya top dan Sangat sangat membantu untuk belajar bahasa Jepang ありがとう
Ervan Syah,5,2024-05-25 19:02:06,bagus banget dehh
Ardi Purnomo,5,2024-05-25 13:20:33,bagus banget
Jay_Z Gaming,5,2024-05-25 04:52:16,😍
Oman Maulana,5,2024-05-24 06:02:08,おすすです🫡
Abay Ranggi,1,2024-05-23 19:47:49,It's kind of confused to use this app
rendi novriandi,5,2024-05-23 16:22:02,oke
Nalisa,5,2024-05-23 14:43:16,sangat membantu!!!!
Bendisetiawan Bendi,5,2024-05-23 13:45:22,sngat bermanfaat
Rasyid Saja,5,2024-05-23 10:33:33,luar biasa
エギエカサプトラ,5,2024-05-23 07:53:32,MANTABB
Istria Kurniasari,5,2024-05-23 07:33:35,mあzi itu keren
okirizki official,5,2024-05-22 01:13:51,alhamdulillah sangat membatu sekali
Ahmaduzaemi,5,2024-05-22 00:25:06,Aplikasi ini sangat berguna bagi saya dan saya dapat belajar dari nol saya sangat berterimakasih atas aplikasinya untuk siapa saja yg buat aplikasi ini karna berguna banget buat saya dan semua orang
Pgi Mhrnii26,3,2024-05-21 21:17:10,"saya tidak bisa membuat akun menggunakan google. seperti Http 500/error, bahkan jika memang bisa, kode verifikasi tidak masuk ke email saya. jadi saya tetap tidak bisa masuk/buat akun."
Triplle N,5,2024-05-21 13:39:17,nice
Igkad 82,5,2024-05-20 14:11:11,すごい
Hitam Putih,5,2024-05-20 12:04:46,no iklan klo bisa
ALPISAH AP,1,2024-05-20 02:21:02,puasd
afreza S,5,2024-05-19 23:43:40,ya aplikasi ini membantu
Efrika Sitoha,5,2024-05-19 13:36:50,aplikasi yg sangat bagus
Rizky Mahesa,5,2024-05-17 22:11:29,ok
Shiota Nagisa,5,2024-05-17 11:53:46,bagus dan membantu
Galang 2006,5,2024-05-17 07:59:20,"keren banget aplikasi nya,,,,,,makasih banyak pada mazii"
frendy ajalah,5,2024-05-17 05:11:58,mantap
Hasbuka 4114h,5,2024-05-17 02:22:59,very useful
firdaus hamda,4,2024-05-17 00:58:33,"bagus, sangat membantu bagi pemula"
Gal Ang,3,2024-05-16 08:21:37,bagus
bella aulia,5,2024-05-15 13:31:02,membantu belajar
Lynx Vin,5,2024-05-14 17:42:40,mantap
Irsyad Fathurrahman Muhammad,1,2024-05-14 12:13:08,aplikasinya sangat membantu.
Pedro Putra,4,2024-05-14 00:49:10,cukup membantu
Wahyu Aja,5,2024-05-13 10:16:36,mantap
Ab Nawalic,4,2024-05-13 09:14:36,aplikasi sangat bagus
Arjuna Presetyo,5,2024-05-13 05:21:52,ara Ara pokoknya
Dimas Arief P,5,2024-05-13 03:04:12,puas sekali walau aga bingung pemula
Arif Solehi,5,2024-05-12 10:50:17,aplikasi ini sangat membantu pembelajaran bahasa jepang saya sangat terbantu 👍
Ina Wanci,5,2024-05-12 09:06:15,gamenya sangat bagus
Mamas Dian,5,2024-05-12 03:46:34,kerennnnnnn
Riyan Nurhidayat,5,2024-05-12 03:39:45,bagus
Mouren Hursepuny,5,2024-05-11 07:30:38,sangat bagus 💯
Fhassya Mirella,5,2024-05-11 07:14:22,sangat membantu dalam proses awal pembelajaran bahasa Jepang 👍
Davit Septiandi,5,2024-05-11 07:06:47,sangat bagus
Hamdan Maulana,5,2024-05-11 06:41:43,mantap
Muhammad Barkah,3,2024-05-11 03:10:48,🤔🤗🤔🥱🥱🤔🥱🤔🥱🤔🥱🤔🥱🥺🥱🥺😶‍🌫️🥺😶‍🌫️🥺😜😏😜😝😏😝🥺😝🥺😜🥺😜😶
Yani Ciputripertama,5,2024-05-10 17:39:53,mntap
Sunita Herlina,5,2024-05-10 12:51:32,bagus
Chalsy Aulia,5,2024-05-10 08:24:41,semoga aplikasi ini berguna untuk masa depan saya
Edo Purwanto,5,2024-05-10 08:05:08,Kakkoi
Nino,5,2024-05-09 10:50:44,aplikasi yang sangat membantu sekali
Anissa fitriani,5,2024-05-09 04:02:57,aplikasi nya sangat bagus
Dani Rizki Agustian,5,2024-05-09 02:18:41,banyak iklan go blog
lukman kadir,5,2024-05-08 14:02:06,bagus sekali
Alif Wahyudin,5,2024-05-08 02:47:57,semoga kedepan nya akan lebik baik lagi
Dirgantara Mahesa,5,2024-05-07 23:31:12,sangat membantu dalam belajar bahasa jepang
Bunga Tobing29,5,2024-05-07 03:36:03,mantapbanget
DIKA,5,2024-05-07 00:53:25,mantap
M. Saidin Saidin,3,2024-05-06 13:29:32,3 bintang dlu
Yogi Pangestu,5,2024-05-06 12:58:31,nice
Komari Cakkom,5,2024-05-06 11:24:26,saya senang
Arya Mataram,5,2024-05-06 02:25:59,マンタプ
Didik Ari,5,2024-05-05 15:39:12,sangat bagus
Muhammad Jarmani Fandi Irawan,5,2024-05-05 15:22:57,bagus membantu bgt untuk pemula
agustinus haryanto,5,2024-05-05 12:13:38,mantab
Hari Koo,5,2024-05-04 12:57:25,sangat membantu dalam belajar bahasa Jepang
Muhamad Arsil,5,2024-05-04 05:50:26,bagus
Krisna mahendra,5,2024-05-04 02:39:54,keren
Fikri Simboling,5,2024-05-03 08:31:30,bagus
Azid Saputra,5,2024-05-03 02:37:23,bagus👍
Kacong Mahrus,3,2024-05-03 02:22:18,cukup bikin pusing dan mantap menantang pikiran
Hiroi Channel,5,2024-05-02 14:34:03,mantap banget
Zyzz Nyett,5,2024-05-02 04:56:42,bagus sekali
Ris Chanel,5,2024-05-01 16:18:51,sangat membantu
Cr Raka,3,2024-05-01 14:35:32,bagus
Erna Wati,5,2024-05-01 11:39:41,aplikasi ini bagus sangat membantu ku untuk latihan
Samuel,5,2024-05-01 09:40:32,sangat baik
Yuan Faldison,5,2024-05-01 04:53:05,sangat membantu
Imam Hidayat,5,2024-05-01 03:03:35,Aplikasi yg cocok untuk belajar bahasa Jepang bagi Pemula seperti saya.
Ananta Febriansyah,1,2024-04-30 16:37:49,"Ada masalah (bug) ketika dalam pencarian kosakata, muncul tulisan ""japanese - english"" Dan ""english-japanese"" Dan itu sangat menggangu karena tidak bisa melihat informasi secara utuh"
Basong Ekek,5,2024-04-30 14:50:09,aplikasi bagus banget
Ikram Ikram,5,2024-04-30 07:45:07,kere.n
Santi Rahayu,5,2024-04-30 07:44:14,terimakasih
Raman Lee,5,2024-04-29 18:04:46,Bagus
wening lasmito,5,2024-04-28 03:29:12,suka banget.dibanyakin fasilitas freenya dong
Febrian Kanza (Febri),5,2024-04-27 13:08:25,"terimakasih sudah mengembangkan aplikasi ini,saya bisa belajar bahasa jepang dengan sendiri😉"
Nadzif Ahnaf,5,2024-04-27 08:32:19,"mazi sangat cocok untuk kalian yg ingin belajar bahasa jepang, karena adanya fitur translate, kosakata, latihan menulis, dan majalah versi jepang yg cocok untuk latihan membaca, bahkan mazi juga latihan jlpt yg membuat mazi ini cocok untuk pemula yg ingin belajar bahasa jepang"
Mufida H,5,2024-04-27 07:45:48,cukup membantu
Sri Agung Ira,5,2024-04-27 06:52:21,Kamus jepang termantaf!
Januari Arif,5,2024-04-26 15:41:48,Semoga lewat apk ini bisa lancar bahasa jepanggggg
Jack Sparrow,5,2024-04-26 08:24:04,nice
Dini Astuti,5,2024-04-25 04:48:19,bgus untuk belajar bahasa jepang 🇯🇵
Alip 12,4,2024-04-24 15:36:16,sangat membantu baguus
safina ns,5,2024-04-24 11:49:06,"simpel dan mudah dipahami, terus tingkatkan kulalitas ya 🙏"
Febry Widagdo,5,2024-04-23 15:43:33,bagus
Yeriko Yeriko,5,2024-04-22 16:53:44,aplikasi ini sangat membantu
Ryn_ska_ANM!!,5,2024-04-22 01:01:50,Keliatan nya seru bngt apk ny juga bagus pokoknya the best deh><👍🏻
Zenbu mozen,5,2024-04-21 13:32:01,gg bang
Muhammad Fikram,5,2024-04-20 17:00:43,mantap
Febriani_munawarah,5,2024-04-20 07:31:12,sangat bermanfaat
Fitri Manalu,5,2024-04-19 23:22:31,baru make sih😁sejauh ini oke. tapi nggktaulah lama² kekmana kedepannya. semoga tetap bagus harapan ku supaya kuajak teman² mendownload aplikasi ini 🙏🏻ありがとうございました 🙂 おかげさまで 🤲🏻
Eny Lis susilawati,1,2024-04-19 17:44:09,Kenapa tidak dapat di instal?
Bro Jahik,1,2024-04-19 02:59:28,mantap
Nicolas Tambunan,5,2024-04-17 23:08:48,komplit
Desy Simarmata,5,2024-04-17 08:57:23,sangat bermanfaat
Teguh Setiawan,5,2024-04-17 06:44:02,sugoii
Dodi Trisno,5,2024-04-15 10:22:01,"Aplikadi nya bagus,, bisa di gunakan di manapun dan kapsnpun, bisa offline, bisa juga online, sangat membantu lah"
Jarik Kurniawan,5,2024-04-15 04:24:39,Mantap bagus
Feri Setiawan,5,2024-04-15 04:10:56,mantap gan
Raditya Rizky,5,2024-04-14 01:19:52,semoga pembelajarannya bisa bermanfaat👍🏻👍🏻
Febri Febri,5,2024-04-13 07:47:44,arigatou mazii🥰
Putri Rina,5,2024-04-13 07:05:47,ini baru pelajaran
murdiansah,5,2024-04-13 06:00:25,belajjar bahasa jepang seru kaya nya
Hifzil Ilmi,5,2024-04-12 21:59:26,sangat puas belajar dengan mazii
Dapoer Creator,5,2024-04-12 07:40:28,ありがとう
rio septian,5,2024-04-11 13:28:46,bagus
Juli,4,2024-04-11 10:43:19,apk nya bagus bangett tapi suka bug
humidat basri,4,2024-04-11 09:39:27,seandainya offline
Indonesia Merdeka,5,2024-04-10 15:59:25,bagus
Muhammad Arfi Syahrozi,5,2024-04-10 02:10:59,aplikasi ini mempermudah kita
Fin kds,5,2024-04-09 13:47:58,mempeudah belajar terimakasih mazi
Mizkajulian Sofyan,5,2024-04-09 09:57:14,"Bagus banget, ini sih berguna pas saya ke jepang ga ngangong lagi pas di tanya nih apk harus kalian download sih!!"
Muhammad Azis,5,2024-04-08 15:33:09,anjay
Sadboy Fer,5,2024-04-08 11:36:42,sangat cocok untuk pemula
Septi Yandra,1,2024-04-08 06:55:03,Tidak kontibel
Muhammad Dzahwan Rakchmatulloh,5,2024-04-08 00:16:18,sangat berguna untuk latihan Jlpt dan membantu ku untuk mencari kosakata yang rumit. terimakasih mazzi
Tiara Purnamasari,5,2024-04-06 16:13:49,sangat membantuuuuuu❤️❤️❤️
Rahmat Illahi,5,2024-04-06 13:16:32,sangat baik
Jimat Aja,5,2024-04-06 11:40:50,oke sangat
Diper Permana09,5,2024-04-05 01:14:36,"membantu banget, makasihh"
Putra Rozi,5,2024-04-04 22:30:46,bagus bagus
TIO RAMADANI NOVIANA,5,2024-04-04 17:03:33,wow meledagh
Ade Alpiansah,5,2024-04-04 12:43:07,Aplikasi ini sangat bagus
Siti Khamidah,5,2024-04-03 13:06:26,aplikasi yg membantu saya terimakasihh
Elisya Kasni,5,2024-04-03 13:00:58,bagus sekali untuk yang ingin belajar bahasa jepang
Gabriel Simbolong,5,2024-04-03 12:41:27,apk nya sangat bagus
MUHAMMAD NURFAHRI,5,2024-04-03 04:19:49,aplikasi sangat membantu saya dalam berbahasa jepang😁
Capt.evendy 01,5,2024-04-02 15:14:31,ありがとう
Mikayla Putri,5,2024-04-02 13:41:00,"Aplikasinya bagus. Tapi, kenapa pas diterjemahkan malah tetap Bahasa Indonesia? Tolong perbaiki."
Nurden Ananda,5,2024-04-02 06:03:54,bagus bnget apk nya☺
STY surya98,5,2024-04-01 04:49:23,"Tolong tambahkan tombol favorit pada tab translator agar memudahkan saat me review kalimat, jangan hanya riwayat saja"
Riski Bc,4,2024-03-31 12:21:55,(≧∇≦)/
Izzan Fauzan,5,2024-03-29 11:40:51,mantapuu
Liak Bali,5,2024-03-29 07:45:41,𝒃𝒂𝒂𝒈𝒖𝒔𝒔𝒔
Susanti,5,2024-03-29 04:56:32,good
Parhan Nazirin,5,2024-03-27 09:25:16,sangat membantu
Adi Sulaeman,5,2024-03-27 06:27:10,apk ini cukup membantu untuk belajar
Kadek Vitia,5,2024-03-27 03:19:35,sangat bagus
Ipo Arebbaeng,5,2024-03-26 07:27:43,"Terimakasih atas tanggapan nya,sekarang sudah bisa Dan Fitur premium bisa terpakai 🙏"
Maman Sujati Ardiwinata,2,2024-03-26 00:41:58,"tolong perbaiki. banyak bug, arti kosakata juga ada yang keliru. premium rasa gratis, rugi dong."
Kevin Jermias,5,2024-03-25 21:50:31,sangat bagus aku suka
Rama dan,5,2024-03-25 07:39:27,sangat puas dengan aplikasi nya
IMRON JR,4,2024-03-25 05:03:22,cukup bagus
Yudis Tira,4,2024-03-25 04:12:41,aplikasinya bagus
Ahmad Hafidz Ilmi,5,2024-03-24 12:59:04,sangat membantu
Khaeril Dgoh,5,2024-03-23 21:26:46,bagus cuman sering keluar iklan
Amanda rs1,5,2024-03-22 02:08:27,そざいをありがとうございます
andre gunawan,5,2024-03-21 12:45:16,ok
moy dwi,5,2024-03-19 14:27:52,praktis penggunak'annya...
Cokro Wibowo,5,2024-03-19 14:00:29,goood
Indro Zunarto,5,2024-03-19 07:01:09,mantap iseng aja belajar hh
M.R ROFIQ,5,2024-03-18 06:22:41,karna bagus sekali saya dan teman saya yang bernama Aldi senang sekali karna sudah ada mazii ini saya lebih giat belajar bahasa jepang yametikudasai
Shodik Vivo,5,2024-03-17 13:40:49,sangat bagus sih tpi tambahin Yg romaji aja biar seru☺️
༺I have[1000人の彼氏がいる]༻,4,2024-03-17 06:41:02,keren
Habib _R,5,2024-03-16 05:12:50,"ya, aplikasi ini sangat bagus menurut ku, saya juga bisa mempelajari bahasa Jepang dengan baik"
Eka Wahyudin,5,2024-03-15 11:02:23,sangat membantu
Gayuh Wiji Lestiawan,5,2024-03-15 06:18:08,"luar biasa, mantap"
Ade amsal,5,2024-03-15 06:08:07,"Lagi baca komik tapi komik yang dibaca nggak ada bahasa Indonesia sama bahasa Inggrisnya terpaksa belajar bahasa Jepang deh, walaupun gak tahu di teksnya itu pakai katana apa nggak 😌🙏"
Pandu FajarP,5,2024-03-14 13:51:47,yossh
Arfanlombokindah Arfan,5,2024-03-14 08:09:37,mantap
Ibnu Hamzah,5,2024-03-14 03:38:31,kerenn
Alif Muhammad sidiq,5,2024-03-14 01:56:33,app nya bagus buat belajar bhs jepang
Frando Frandosihobing,5,2024-03-13 12:52:40,sangat cocok buat lagi belajar bhsa ni apk
Wira Hadi,5,2024-03-13 11:59:56,mantap
Noval Zaki,5,2024-03-13 07:37:38,"bagus,,, bikin semangat"
Rat Na,3,2024-03-13 05:45:52,"Udah pilih bahasa Indonesia, tapi yang keluar bahasa china,ini di tata bahasa N5."
Kayla Ditty,5,2024-03-13 03:14:57,cocok banget buat belajar bahasa jepang 👍🏻
ahmad Seni,5,2024-03-12 14:14:59,sangat mmbantu
Lalu Asrin Maulana,5,2024-03-12 14:12:37,super
Joy Tuban,5,2024-03-12 13:20:43,saya merasa terbantu 👍
Hengki yusrizal,5,2024-03-12 10:59:12,mantap banget sangat membantu
Husny Mubarak,5,2024-03-12 01:22:14,kren
Alvin Nasambe,5,2024-03-12 00:00:25,sangat membantu
Dinda Xzz,5,2024-03-11 23:53:49,ini bgus bgt aplikasinya gra' ini aku bisa b. Jepang🤌🏿😋
galih Surya21,4,2024-03-11 23:17:28,mantep
Vallentina Ina,5,2024-03-11 10:19:08,recomen
Arman Bae dahh,5,2024-03-10 11:59:41,bagus
Andini dini,5,2024-03-09 16:52:55,good
Der Dir,5,2024-03-09 12:59:00,Saya sangat senang dengan adanya kamus lengkap ini
Liza,5,2024-03-08 13:26:20,Membantu sekali dan aplikasi nya banyak berita aku sukaa
aldi Kurniawan,5,2024-03-08 09:38:04,sangat mekuaskan
NC Dhian,5,2024-03-07 08:43:40,Sangat membantu belajar bahasa jepang
Sakhi Abdullah,5,2024-03-06 14:44:10,puas mantap
Azhim Nizam,5,2024-03-06 14:42:13,sangat puas
Rifky Septian,5,2024-03-06 03:25:07,tsugoi
Hafid Murtadho,5,2024-03-05 07:07:45,すゔぁらしい
ad Tony007,3,2024-03-04 13:26:46,sangat membantu
MIFTAHUL KHOIR,5,2024-03-04 13:00:15,Mamtep
Lukvi azis kurniawan ndorojhedotpangeran Laknjp,5,2024-03-03 17:56:52,siip
Enjelita Siagian,5,2024-03-03 14:56:23,Bagus
Fauzan Well,5,2024-03-03 10:59:35,kurang ada arti jepang nya tolong perbaiki ada salah kosa katanya
Doni Andriawan,5,2024-03-03 10:32:18,sangat membantu untuk pembelajaran kanji dan kosakata baru
Filzatun Fadhilah,5,2024-03-03 07:01:52,このアプリケーションは日本語の学習に本当に役に立ちます。毎日日本語が賢くなっています。このアプリケーションがとても気に入っています🇯🇵🤍
Origawa 57,5,2024-03-03 06:28:51,sangat memuaskan
Ilham Darise,5,2024-03-02 18:38:15,いい
Mario Fernandito256,5,2024-03-02 10:15:48,sangat berguna untuk belajar bahasa jepang
Raba Isa,5,2024-03-02 02:43:42,baik
Ruhasni Bujalia,5,2024-03-01 14:15:08,bagus sekali
abdullah taptajani,5,2024-03-01 14:11:36,mantap
Maman Abok,3,2024-03-01 13:20:49,Alhamdulillah
Lubis,5,2024-03-01 13:09:12,jos
daniel sgn,5,2024-03-01 04:33:42,apk nya sangat terbantu
Nia Raya,3,2024-02-29 04:17:52,perbaiki lagi. masa jawaban sudah benar berubah sendiri sihh pas di tes nya
Alif Reyhan,5,2024-02-28 10:02:49,Bagus ありがとう
Ade,3,2024-02-27 13:30:06,"Sangat membantu namun banyak sekali bug-nya (kuis harian opsi jawabannya rusak dan berubah menjadi bahasa Vietnam). Banyak yang belum di terjemahkan ke dalam bahasa Indonesia, iklan tidak bisa di unduh."
Mukri Cahaya,5,2024-02-27 11:30:28,baik
Galih Putroaji,4,2024-02-27 09:33:55,"lumayan,wlaupun agk² susah😅wajar pemula"
pandu milkita,4,2024-02-25 12:16:29,mantap
Fanni Julio,5,2024-02-25 11:49:54,keren banget
Edi Junaedi,4,2024-02-25 07:57:05,belajar untuk masa depan.. good bnget
Muh Ismail,5,2024-02-25 05:47:02,sugoi
Den Kooper,5,2024-02-25 05:12:56,yook belajar
Hasrul Niawan01,5,2024-02-24 23:34:44,membantu
Muhdi Alhadar,5,2024-02-24 13:04:49,"sangat bagus, aplikasi satu ini sangat mudah untuk menghafal bahasa jepang"
Adil Genk,2,2024-02-23 09:50:29,Kalo saya masuk apk nya kok tiba error terus keluar² sendiri mohon diperbaiki
Muhammad Nova,5,2024-02-23 06:48:37,sangat membantu
Dwi Ristyani,5,2024-02-23 03:35:24,bagus untuk pemula saya jadi mahir bahasa Jepang karena menggunakan aplikasi ini Arigatou!
Saiful Manan,5,2024-02-22 14:37:48,大好きな ソフト 🇲🇨🇯🇵
panggih,5,2024-02-22 10:14:30,mantap untuk belajar nihonggo、lebih bagus dari google translate dan beberapa translator yg sudah sy coba🩵✨
Irwansyah Nara,5,2024-02-22 08:40:29,sangat cocok
Fahmi,5,2024-02-21 04:20:57,aplikasi bagus
Younlimitedbladeworks,5,2024-02-21 02:56:18,aku suka ini
Yoel Cristian,5,2024-02-20 04:17:29,good job
Kaerudin Bahar,5,2024-02-19 14:31:51,mantap
Andii Atmoko,2,2024-02-19 12:30:34,"Aplikasi bagus tp kebanyakan iklan, aplikasi lain jg ada iklannya tp masih wajar, lah ini dikit² iklan, mengganggu bgt"
Daffa Primarta,4,2024-02-19 10:51:56,sangat membantu saya bisa belajar bahasa jepang
Ziyan Arief,5,2024-02-19 08:17:09,"Keren banget, terimakasih untuk tim yang sudah membuat aplikasi ini😁"
Alam Samparadja,5,2024-02-19 01:02:53,nice
rahmat hidayat,5,2024-02-18 16:51:34,ganbate
Aqila Cantik,5,2024-02-18 13:12:05,bagus
Rivatul Azi,5,2024-02-18 12:59:38,good
japan neshia,5,2024-02-18 03:49:11,saya sangat suka dengan aplikasi ini karena dapat membantu saya dalam belajar bahasa jepang secara otodidak sendiri ありがとうね.!
novan exlusive2,5,2024-02-17 15:21:20,すごい
Sonde Tede,5,2024-02-17 12:17:19,sangat baik
Sulaiman,2,2024-02-17 11:49:04,Terlalu banyak iklan
Fazar Banget,5,2024-02-17 07:39:40,😎
IKBAR NUSA BAKTI,1,2024-02-16 04:19:07,Tata bahasa kenapa masih bahasa inggris? Padahal di aplikasi sudah di setting bahasa Indonesia
M. Fakhry Dzulqornain,5,2024-02-16 01:25:41,Good app
Yulianda Siregar,5,2024-02-16 01:21:25,"Wow, aplikasinya semakin bagus. Terima kasih mazii. Kalian mau belajar bahasa jepang pakai aplikasi ini. Mantap."
Juan Prayogi,5,2024-02-15 15:38:07,使い安い
Bagus anjar,5,2024-02-15 15:21:14,lumayan
Muhammad Nur Rachman CBN,5,2024-02-15 02:54:55,"Luar biasa, tingkat kan lagi pembelajaran gratisnya"
Novita Sari,5,2024-02-14 14:54:52,"sumpah ya,yg bikin aplikasi ini semoga beruntung seumur hidup.... terimakasih banyak sangaatttt2 membantuuu kalo ada bintang 1000 pasti dah tak kasih"
Maulana Aprilian,5,2024-02-14 09:26:55,aplikasi yang bagus ga nyesel deh gw download ni aplikasi
Rezsa Auliya,5,2024-02-14 05:31:00,Saya jafi paham
Afri anto,5,2024-02-14 02:01:07,Sangat membantu
Gilang Septian,5,2024-02-13 15:49:25,mantap
Agustine Carolina,5,2024-02-13 13:14:32,bagus
DEPA AULIA RAHMAN,5,2024-02-12 15:06:33,sangat ngebantu banget kalau mau tau cara nulis kanji! keren coyy ni APK
Reyy Gamingch,1,2024-02-12 14:24:15,Monyettt
fathur rohman,5,2024-02-12 14:16:20,gg parah ni apk
Kevin Setiawan,5,2024-02-12 09:44:15,sangat bagus dan membantu
Desra Edawarni,5,2024-02-12 04:17:48,Di coba
Ekin Ginting123,5,2024-02-11 11:54:17,sangat membantu
Christian Sutanto,5,2024-02-11 07:31:38,keren
•Okky Official•,5,2024-02-11 04:06:58,aplikasi ini sangat bagus saya suka
Addi Rizzas,2,2024-02-11 02:48:24,sumpah jelek banget aku mau terjemahkan bahasa amerika katanya eror knp ya
Jun Manurung,5,2024-02-10 16:42:00,kasih yg GK berbayar lah min biar makin maju lagi aplikasi nya😁👍
At11 _26,5,2024-02-10 07:59:46,"Buat bahasanya mudah dipahami sih, udah itu aja."
rohma Zahro,1,2024-02-10 01:28:14,Habis diperbaharui kok gampang error' si? Masa waktu scrolling ke bawah sama ke samping pas kotoba langsung error'? Berhenti di situ terus?
rommi saputra,5,2024-02-09 22:43:19,mantaap bagus aplilasi nya sgt membantu
Dewi Nurhasanah,5,2024-02-09 13:24:33,mantab
Mr Bray,5,2024-02-09 04:34:35,にせ
Ferdi Ardiansyah,4,2024-02-08 22:06:55,sangat membantu proses belajar saya
Dika Ayu Febrianti,5,2024-02-08 05:21:57,あの。。MAZIさん、ほんとうにありがとうね
Abdullah Dullah,3,2024-02-07 02:38:20,baru belajar
Tono18 Tono,5,2024-02-06 19:26:34,mboh yo
Kuncoro ds,5,2024-02-06 15:28:07,cool
Felix Takowa,5,2024-02-06 09:26:15,baik
Lestari Lestari,3,2024-02-06 09:18:14,blm pahan caranya gmn
Han,1,2024-02-06 04:29:43,"Sumpah sakit hati banget pake apk ini, udah susah payah ngerjain malah jawaban saya di salahin smua.. masalahnya itu jawaban saya di ganti2.. misal saya jawab A, malah di rubah jadi B.. gimana score nya ga kecil klo jawabannya di ubah gni.. klo perkara sinyal, ya pastinya ngelagh doang pas kirim jawaban.. ga masuk akal klo sampe ngerubah jawaban juga tuh!!!!"
KIKI HERDIANSAH 05,5,2024-02-06 02:19:50,membantu
San Reza,5,2024-02-05 13:34:59,ok
Firman Syah,5,2024-02-05 13:05:10,sangat membantu
onye 77,5,2024-02-05 12:56:32,sangat membantu
Muhammad Firzan Asyura Putra,5,2024-02-04 12:43:42,すげえ
sihabudin didin,5,2024-02-04 11:57:51,mantap
KADEK MIKI miki,5,2024-02-04 09:47:27,keren skli aplikasi in
Muh Basir,5,2024-02-04 08:11:24,baik
Hermilah Hermilah,5,2024-02-03 00:50:35,keren untuk nihonggo benkyou
vi low,5,2024-02-02 14:41:44,sangat membantu sekali
Supiyan Piyan,5,2024-02-02 14:30:58,keren
Petualangan Sigit,5,2024-02-02 14:15:27,ok
Sahrul22fpik Muhammad,5,2024-02-02 11:19:59,Sangat membantu untuk pemula belajar bahasa japan
Bais Andrea,5,2024-02-01 18:10:27,semoga ku memgusai Dan berharap aku bisa mempelajari bahasa jepang ini.. mudah di ucapkan walau belum terbiasa hehheee #Bermanfaat sekali😍😍😁
Nadiatul Sadiyah,5,2024-02-01 12:33:00,sangaattt membantu
Ahmad Al Solong,5,2024-02-01 10:23:03,sangat puas
Mawardi Nawar,5,2024-02-01 06:51:53,bagus
FADHIL,5,2024-02-01 05:39:27,Bagus
Naon Nele,5,2024-02-01 01:06:30,sangat membantu untuk mempelajari bahasa jepang apa lagi untuk pemula
Regi Ramadan,5,2024-01-31 14:02:45,puas banget
Iwan Tri Setiawan,5,2024-01-31 05:30:28,"aplikasi yg sangat bagus ,dan membantu sekali untuk belajar bahasa asing"
Rafi Al Endra,5,2024-01-31 00:44:54,Tq for the fast reply to my complain
Wahyudi Billy,5,2024-01-30 16:40:19,sugoi
Niwayannitya21 Mobile,1,2024-01-30 15:31:43,sangat menyenangkan
Reyzha Madara,5,2024-01-30 14:08:58,okeer
Asyari Muhammad,5,2024-01-30 04:29:43,sangat membantu sekali.. 😍😍😍
Anysa Nurul kirana,4,2024-01-29 10:49:37,😘
Den Marley420,5,2024-01-29 10:27:50,aplikasi pedoman bagus banget
Kyoe Kun,3,2024-01-28 17:05:33,Tata bahasa tidak ada bahasa indonya
Ssukekunz,5,2024-01-28 13:28:35,cukup membantu semoga lancar teruss
M Tauhid,4,2024-01-27 14:44:49,sangat membantu
Al Fahri Boyqe,5,2024-01-27 13:56:34,🥰🥰
Iksan X sebat,3,2024-01-27 10:46:20,masih pemula
Dedy Pryadi,5,2024-01-27 07:13:59,bagus
Ramdani H Official,5,2024-01-27 07:00:59,aplikasi ini sangan rekomen buat pemula yang ingin beljar bahasa jepang ayo brother download😇
Jajang Hendarsah,5,2024-01-27 00:57:54,bagus saya akan senantiasa memakai apk ini
Meuthia Syakira,5,2024-01-26 11:38:30,"aplikasinya bagus ,dan sangat membantu"
Aldi Ilham,5,2024-01-26 07:35:19,mantap nihongo jhouzu
Amrul Members,5,2024-01-26 07:23:19,"Alhamdulillah saya mulai paham dikit"""
RENDI nyo,5,2024-01-25 01:33:49,aplikasinya sangat membantu ! tp tetap belajar terus...
Yusakh Simatupang,5,2024-01-24 02:48:03,sangat membantu
Wayan Suarjana,5,2024-01-24 01:50:46,"aplikasinya membantu saya dalam pembelajaran bahasa jepang,semoga aplikasi mazii lebih baik dan selalu membantu semua orang"
Zaenap Zae,5,2024-01-22 11:38:38,sangat membantu
Glory indah Silalahi,5,2024-01-19 15:19:29,bagus sekali🫶🫶🫶
Fatimah Gopret,5,2024-01-19 14:56:11,good
Amelia Yuliani,4,2024-01-19 13:05:59,sgt membanty
Irfan maulana,5,2024-01-19 03:58:43,bagus sangat menbantu😍😍
Rikkiaritonang,5,2024-01-18 13:30:15,bagusss untuk yang mau belajar seriuss dan terlalu bagus buat yang belajar gak serius 😄
kerebet kuto,1,2024-01-18 12:07:42,Ga berez mana jepang nyaa gak ada bdh
Haji Kamaruddin,1,2024-01-18 11:49:49,"mazi memang pas lengkap nya,belajar juga jadi mudah"
Rawing 19,5,2024-01-17 09:21:07,bagus membantu buat belajar
Geisha Itlay,5,2024-01-17 07:39:25,bagus bangat😊
Sahril Suu,4,2024-01-16 21:14:30,mungkin jika orang yg belum paham sama sekali dia akan susah mencari letak bahasa dlm apk yg akan dipelajari selanjutnya.
Chan Ikhsan,1,2024-01-15 13:15:28,Sekarang2 eror teruss keluar sendiri terus ... sering crash
Ni an Saputra,5,2024-01-15 08:10:21,ok
Anzal Putra,5,2024-01-15 07:54:39,sangat baik untuk belajar bahasa jepang
Al Anyyubi,5,2024-01-15 01:42:11,bagus
The Beginer Gamer,4,2024-01-15 01:17:03,sangat membantu. tetapi diharuskan membayar untuk beberapa fitur tetapi dari segi basic untuk pemula sangat membantu sekali
Haikam Abqari,5,2024-01-13 09:25:30,"Aplikasi paling rekomendasi untuk kalian yang ingin belajar Bahasa Jepang yang lebih mendalam, karena kamus disini lengkap serta penjelasannya rinci."
Andrian Andre,5,2024-01-13 03:35:40,mantap
Nrkhtmh11 Imaaa,5,2024-01-13 01:24:23,senang
Firman Hermawan,5,2024-01-13 00:22:44,bagus
Ara Ara,5,2024-01-12 16:42:19,saya myukainya
M Ikhsan Maulana,5,2024-01-12 09:15:57,menurut saya ini apk bagus cocok buat translit bahasa
rahmat hidayat,5,2024-01-12 07:40:02,bguss
Ali Fikri,5,2024-01-11 16:08:50,ok
Rian Suyitno,5,2024-01-11 14:11:20,oke
Ali Ma'ruf,5,2024-01-11 14:02:31,👍👍👍
イスカンダルドニ,5,2024-01-11 04:06:56,すごいね
Riel Onza,5,2024-01-10 13:44:20,とても良いアプリケーション
Keysya Junita,4,2024-01-10 06:38:30,ini sangat membantu saya tapi maaf kalo saya memberi kan bintang empat karena ad beberapa kata yang tidak ad terjemahan nyaa tapi terimakasih ini sangat membantu saya
imzfghtrr,5,2024-01-10 06:05:11,aplikasi yang sangat membantu anjayy kelass slebew slemek
yunita Farizka,5,2024-01-10 04:44:59,bagus sekali
Amur Regloss,5,2024-01-09 22:13:26,gg gimang
Arman Muhammad Mahfudz,5,2024-01-09 15:50:31,Real aplikasi gapelit ilmu. かっこいいすぎる
Semar Rang,5,2024-01-09 01:46:09,ini sangat membantu Untung belajar asalkan anda belajar trs dan trs belajar pasti udah bisa saya yang tadinya tidak paham dan tidak maksud artinya sekarang saya jadi paham apa yang di maksud berkat ini saya nonton anime jadi paham aplikasi ini juga tidak memakai Kouta aplikasi ini sangatlah membantu
Samsul Arifin,5,2024-01-08 13:10:06,masih belajar semoga lancar
Koko Ferdinand,5,2024-01-08 12:35:57,bagus banget aplikasinya
Husni Mubarok,5,2024-01-08 07:25:20,bagus
Muhammad alzakian rabbani Alzakian rabbani,5,2024-01-07 07:01:58,bagus
Reno Rimbadi,5,2024-01-07 06:33:43,sangat bagus
gde prima,1,2024-01-07 05:17:31,good
Aji Saputra,5,2024-01-07 03:19:05,mntul
Herman Habiburrahman,5,2024-01-06 19:31:00,Belajar bahasa jepang jadi lebih mudah
Febri Bengkulu,5,2024-01-06 14:40:22,good
Wim Aristhian,5,2024-01-06 05:49:53,Kok premium saya tiba tiba hilang
Agus Setya Budi,5,2024-01-05 12:41:30,good
Sa_kin_ah,5,2024-01-04 21:38:44,sangat bagus 🤭🤝🤓
Shahuri Shauri,5,2024-01-04 08:15:00,bagus
Castilah Kadman,5,2024-01-04 08:05:36,aplikasi sangat membantu
Amelda Haura,5,2024-01-04 07:27:27,thanks you
Naufal AI,5,2024-01-03 14:37:19,makasi
Irman Awalludin,5,2024-01-02 22:56:28,ok
Satria Nugie Zafridani,3,2024-01-02 07:45:52,Coba dulu
Adibah Aja,5,2024-01-02 04:39:25,Bagus
Mraiilham Tamvan,5,2024-01-01 05:19:53,Nice
Mrs Atika,5,2023-12-31 17:45:05,sangat membantu saya dalam bahasa Jepang
Shafa Realme,5,2023-12-31 17:14:49,Bagus membantu para wibu yang gak bisa bahasa Jepang dan mudah di pahami tapi masih banyak kekurangan semoga bisa di tingkat kan
saidbalung 75,2,2023-12-31 05:07:49,lumayan
Desi Yuni,5,2023-12-29 12:01:26,menakjubkan 😊🥰
Dedi Umar,5,2023-12-29 08:20:16,sangat membantu
Yulia Iskandar,5,2023-12-27 14:51:43,bagus
Sunawan Wawan,5,2023-12-27 01:04:40,good
Siti Fatimah,5,2023-12-26 14:49:17,bagus cuman blom kebuka semua
chae_chaerudin,5,2023-12-24 14:18:16,sangat membantu untuk belajar bahasa jepang
No Name,4,2023-12-24 12:05:34,apk sangan membantu
rony lawliet,5,2023-12-24 10:00:20,good
Andrias Irawan,5,2023-12-24 06:36:39,sangat membantu
Joshua Adetya,5,2023-12-23 16:01:04,apk nya cukup bagus
Ria Gita,5,2023-12-23 08:28:41,Bagus banget tapi susah dikit
Muhammad Maruf,5,2023-12-20 07:07:44,mudah paham
Okto Riansyah (Rian_oKTo),5,2023-12-19 20:48:19,sangat sangat sangat berguna
Ali Shidiq,5,2023-12-19 03:29:46,Aplikasi yang sangat bermanfaat
Adit Eka,5,2023-12-17 07:51:27,apk yg sangat bagus
Muchamad Taibin,4,2023-12-16 09:33:45,bagus
Cahyono Putra,5,2023-12-14 01:26:16,凄い
Andi Nda,3,2023-12-12 16:13:09,mantap
Hamdarusalam,5,2023-12-10 09:01:17,sugoi
Baby NouNaa,5,2023-12-09 01:30:46,sangat membantu
dur yatno,5,2023-12-07 12:30:27,cocok buat pemula
Jack Hidayat,5,2023-12-07 11:53:33,baik
Intan Belaa pebriani,5,2023-12-07 11:37:58,sangat membantu
Deden Kurniawan,5,2023-12-07 05:58:26,good
Lusia Crysta Sasi,4,2023-12-06 07:27:54,sangat bermanfaat 🥳🥳🥳
Ilham Syahputra,1,2023-12-05 14:42:58,baik
Muhamad sidik fathoni,5,2023-12-05 13:02:03,puas banget sangat membantu tapi tetep ajah bayar gaada yang gratis jaman sekarang
Poi Poi,3,2023-12-05 09:11:42,Kanji flashcard nya sekarang kok gk ada
Nugy Sbk,5,2023-12-05 03:00:34,sangat membantu buat pemula
vicky dzaki pratomo,1,2023-12-04 14:03:08,Kaya nya lagi ada bug buat kosa kata kenapa jadi pake hiragana semua ya ngga keluar kanjinya
Yoghi Saputra,5,2023-12-03 12:22:29,Sangat membantu😘😘🥰🥰🥰🥰😍
Mba Ester,2,2023-12-02 13:52:32,Yhe
Tris Moyo,5,2023-12-02 12:58:41,mantap
aman sehat,5,2023-12-02 08:27:51,Klo menurutku sih baguss bangettt
Bonjol Imam,5,2023-12-01 13:33:42,oke
Khanaya Anandita,5,2023-12-01 11:11:03,sangat membantu 🤗🤗🤗
Nazwa Nurmaulida,5,2023-12-01 09:49:47,bagus bngt untuk belajar bhs Jepang!
Tarsam Bin suawanda,5,2023-12-01 07:28:01,kamus paling hebat
Anip Royani,5,2023-11-29 11:37:22,sangat bagusbuat belajar otodidak
Akashi Shibuya,2,2023-11-29 02:57:17,Tolong dong perbaiki bug-nya saya sudah jawab betul kok di salahkan terus ini sudah yang ketiga kalinya saya ketemu yang kayak begini di apk ini
Faris C.S,4,2023-11-29 02:28:27,membantu
nonay kawai,5,2023-11-28 09:25:59,bagus
Luli Puji,4,2023-11-28 01:48:12,bagus tapi saya kurang mengerti cara belajarnya tidak di arahkan
Hafid Isnanto,5,2023-11-26 15:09:37,ok
lamp thers,2,2023-11-24 08:45:32,"Terdapat bug pada jawaban,padahal jawaban benar tetapi pas saya cek jawaban sudah diganti ke yang salah,hadehhhh"
Hartono Atmorejo,5,2023-11-24 05:21:06,sangat bgs
Indra Piji,5,2023-11-24 03:14:06,aku jadi bisa bahasa jepang
Sartono Nukika,1,2023-11-23 23:36:02,Kalo bisa iklannya 1 jam min.
Guruh Wulandoso,5,2023-11-22 14:03:30,sangat membatu
Resky Deni,5,2023-11-21 12:30:34,"that's very good, so I smart this is, yoroshiku onegaishimasu from Indonesia"
Jamil S iling,5,2023-11-21 09:46:02,bagus
Diah ayu,5,2023-11-20 14:11:59,sangat bagus
Ujhe Bow,5,2023-11-20 13:04:22,sangat membantu
Lila Keyla,4,2023-11-19 23:16:12,bagus bgt bisa untuk belajar dan bermanfaat
Choky Limuel,5,2023-11-19 13:58:54,nice
Nevlyn Sherlyn,5,2023-11-19 00:55:33,mazi buat aku bisa bahasa Jepang aku kasi rate5
Fajar Shadiq,5,2023-11-18 20:47:40,pokok nya the best lah ini aplikasi (ありがとうございました)
Ujang Samsul,4,2023-11-17 13:50:20,sangat membantu
Mama Muli,2,2023-11-16 09:05:54,"Kenapa saya tidak bisa mendownload aplikasi mazzi, nya sih"
Alya Hermansyah,5,2023-11-15 09:30:54,bagus banget bagi pemula
Jemmy Jemmy,5,2023-11-15 05:28:39,aplikasi nya bagus bangettt
ハムザーアミル,4,2023-11-15 02:40:10,goood
realme C31,5,2023-11-14 11:06:02,"aku sangat terbantu sekali dgn aplikasi mazii,ini aplikasi sangat sempurna semua pembelajaran yg saya inginkan ada di aplikasi ini terimakasih"
Prehati Sofy,5,2023-11-13 16:05:57,tanoshidesuyo
Queen Allensya,5,2023-11-12 04:58:12,bagus
Rifki Subagja,3,2023-11-11 13:49:15,bagus tapi ga ngerti
Adin Nesa,5,2023-11-11 12:40:29,ini sangat bangus
Sandi Firmansyah,5,2023-11-10 16:36:07,nice
Pujiono Boncel,5,2023-11-10 05:01:12,Saya bisa mempelajari bahasa jepang
Slametbejo 12,1,2023-11-10 04:58:53,APK JELEK TIBA² PREM SENDIRI DAN DANA SAYA MENGURANG GARA PREM MAZI INI APK JELEK SYA KASIH BINTANG 1 KOMTOL
Eka Nisa,5,2023-11-10 00:59:13,oke
Tarih rih,5,2023-11-09 10:05:50,bagus banget buat belajar bahasa Jepang
loposss,5,2023-11-08 15:34:15,tambahan dialect kansai dan osaka ben. makin top dah ni aplikasi
Keysa Afandi,5,2023-11-08 15:18:27,"ya ,bagus aplikasinya"
VOLLY DAY,5,2023-11-07 11:33:02,membantu sekali
Aldi Brutal,5,2023-11-07 11:16:00,Mantap
Atika,3,2023-11-07 00:19:18,bagus
Gatot Budiharto,5,2023-11-06 00:25:59,Mazii bagus tlog di betulin dong updet setiap hari mb 200mb/500mb setiap hari diupedetin semunya terus mengalah kan ruang guru dlll Untuk mazii klo udah sampi 100mb Updetaan ny dibuka lowongan kerja dibutuhkan 1000org kerja di jepang klo udah tembus 44 negara semunya kerja di eropa atau diasia dan amerika di bingan org jepang
marco feberian,5,2023-11-05 13:12:59,Bagus
Yadi Yadi,4,2023-11-04 04:36:11,Cukup bagus
Nadi Tahirahmad,5,2023-11-02 11:12:40,sangat membantu
Muhammad Wahyudy s,5,2023-11-01 21:44:56,"Translate yang bagus lebih bagus dari google translate, cs juga mantep kemarin akun premium sempet hilang terus lapor ke cs di Facebook dan akunnya balik, terima kasih buat aplikasi dan costumer service nya, すばらしい😊"
Dify Maulana,5,2023-11-01 12:53:29,nicee
Heri Futaki,5,2023-10-30 08:40:33,Mungkin saya belum coba tapi kayaknya bagus😆😁😁😁
Edison Situmeang,5,2023-10-28 18:12:03,ok
MUHAMMAD IKHSAN,5,2023-10-28 07:22:48,bagus
Budi Yanto,5,2023-10-27 08:15:38,convinience
Rian handika,5,2023-10-26 11:38:25,mantap
Yati Wariati,5,2023-10-26 06:32:11,Mumpung watashi mau ke Jepang jadi watashi download aja ni dan apk ny bagus buat watashi yg belajar kanji watashi kasih binta lima ya🇯🇵🤝🏻
Irfan Maulana Habibi,5,2023-10-25 00:49:33,manyos lah Sangat membantu
Ajar Maulan,5,2023-10-24 13:25:25,sangat bagus 😍😍😍
Musnawar 1234,5,2023-10-24 09:57:13,Sangat bermanfaat 👍
Al ari,5,2023-10-23 07:44:11,mantap
Haykal Az,5,2023-10-23 05:22:54,sangat membantu buat belajar bahasa Jepang...
Kartini Tita,2,2023-10-23 05:04:54,Jelek ish bug terus ke mana😒
Jablinx mania,5,2023-10-22 05:18:20,"bagi saya aplikasi mazi ini bagus, apalagi kanji nya tidak membosankan, berwarna warni, dll"
Bayu Pratama,4,2023-10-22 00:44:52,ok
Kas Muri,5,2023-10-19 12:58:44,apk nya bagus bngt saya bisa bahasa jepang
arif,4,2023-10-17 15:31:49,"kurangnya ada di translate yang kadang kadang tulisannya gak ada tapi hasil terjemahannya ada(suara), lainya bagus"
Boku Fari,5,2023-10-17 13:04:15,ありがとう
ANIME INDOOO,4,2023-10-17 11:47:27,lumayan
Faisal 667,5,2023-10-17 10:38:38,ganbatte
Wildan Eko,5,2023-10-17 02:45:16,bgus
UCOK Sbr progamers,5,2023-10-16 13:53:14,すほい
Alamsyah Lubis,5,2023-10-14 21:43:13,aplikasinya sangat bagus dan bisa menghafal bahasa jepang
Ade Rendi,5,2023-10-14 13:41:39,ok
Elieser Siringoringo,1,2023-10-14 07:33:48,mantap
MTBP334,5,2023-10-13 01:29:14,saya suka sama pembahasanya dan saya juga baru belajar jepang dikit demi sedikit dan yah semoga aja saya bisa berbahasa jepang terima kasih buat apk ini respect
Goemon,5,2023-10-12 13:16:38,ありがとう
Mochamad Firman,5,2023-10-11 12:44:14,ばぐｓ
Muh Alwi,5,2023-10-10 05:38:39,sangat membantu
Chapoh Poh,5,2023-10-09 04:16:10,baik
Irma Bia,4,2023-10-09 02:20:54,bagus untuk pemula
Akhmad Fakhrurozi,5,2023-10-08 23:47:28,bagus
Erlangga Alex123,5,2023-10-08 08:58:07,terima kasih
Kubu Akun,5,2023-10-06 22:37:04,on
Neng Anggraeni,4,2023-10-04 16:02:56,いいです
Wahyu Wahyu,5,2023-10-04 11:35:03,ok
Reinaru (Rein),2,2023-10-04 05:26:54,"Tolong diperbaiki lagi y bug"" yng ada di test JLPT dari N5-N1 smuanya memiliki bug yang sama yaitu ketika sumbit nilai secara otomatis ada soal yang terganti secara otomatis sedangkan sebelumnya saya sudah cek lagi, dimohon untuk segera dipercepat hal seperti ini, walau hal kecil jika dibiarkan tidak bagus"
Kendi Pangistu,5,2023-10-04 01:52:37,sangat membantu sekali terimakasih telh membantu belajar bahasa jepang
Fajar Sundawa,5,2023-09-30 05:14:31,mantap semoga bisa membantu saya bisa bahasa jepan
Haji Mario,5,2023-09-29 06:49:20,matabbb
Satrio25 Rezky,5,2023-09-29 04:59:38,oke
Indra Kc,5,2023-09-29 01:45:02,good
Resa Muliyana Gendis,2,2023-09-28 14:52:16,Ga bisa di install nih gimana
Mnur Hidayat,5,2023-09-28 11:47:58,bagus
Rifah Alfaini,5,2023-09-27 04:21:57,"Bagus, terjemahan lebih mudah dipahami dan grammar sangat membantu"
mari futtaqi,5,2023-09-27 02:56:12,Mantap
Nihayatun Nufus,5,2023-09-26 05:48:42,sangat cocok untuk kalian yg mau belajar bahasa
Kevin Paisal,5,2023-09-24 14:28:04,sangat membantu untuk belajar
Rizki Setiaji,5,2023-09-24 11:57:30,sangat membantu
Saiful Anwar,5,2023-09-23 00:37:24,maziiアプリ良いねこれ
Bima,5,2023-09-22 19:39:12,bagus lucu
Re Ed,5,2023-09-22 07:47:14,すげぇ
Riski H,5,2023-09-22 07:06:13,すごい
Ikhsan Bayhaqi,4,2023-09-21 23:35:53,kakooi
Maulana Hasanudin,5,2023-09-21 03:49:52,woow
Fahmi Idris,5,2023-09-19 11:42:27,keren
Rini Yuliyanti,4,2023-09-18 15:45:02,sangat membantu
Taufik Hidayat,5,2023-09-18 13:15:32,👍👍👍👍👍
Zainul Habidi,5,2023-09-17 05:50:05,bagus
Hendra Faris,4,2023-09-16 19:02:08,Kalau bisa ada translate manga nya dong
Yakub Cs,5,2023-09-15 12:38:35,mantap
"Ilhamsyahrizqi -in here Gym closed,from Indonesia",5,2023-09-14 12:23:24,😗😆sugoi apuri desu
Brian Evander,4,2023-09-13 15:51:04,すごい
Ibnu Hartono,5,2023-09-13 08:07:27,mantab
Nina Eka Asanti,5,2023-09-12 10:17:55,bagus
Riswandi Riswandi,5,2023-09-12 02:47:18,bagus
MANG SUGA,5,2023-09-10 19:39:44,Very satisfied learning on the Mazii application but please remove ads and payments I don't have money poor people who don't have money to buy VIP Mazii
Syafira Al Hayati,5,2023-09-10 13:42:18,🥰🥰🥰🥰🥰
Arif Reifan,5,2023-09-10 09:57:18,Mantap
Rizky Lubis,5,2023-09-10 02:40:53,yosh
Surya Indra,5,2023-09-09 22:04:05,saat membantu sekali aplikasinya mudah digunakan
ayip sunandar,4,2023-09-07 09:57:17,aplikasi yang bermanfaan untuk belajar bahasa jepang.
Peri Kasandria,5,2023-09-07 04:11:54,oke
Nauvarel Shidqi zain,4,2023-09-07 01:47:23,good
Kusno Utomo,5,2023-09-06 12:16:59,keren
Deva Roslan,5,2023-09-06 03:58:14,sangat membantu saya belajar bahasa jepang
Darcy,5,2023-09-05 01:58:52,"Bagus sih menurut ku aplikasi kamus yg satu ini, lengkap dengan fitur pembahasan soal dan terjemahan bahasa juga lengkap."
Gita Oktaviana,5,2023-09-04 21:01:49,Saya bisa langsung memahami bahasa jepang hanya dengan waktu 1 minggu 2 minggu sudah lumayan bisa...bahasa jepang sebenar nya udah bisa tapi kan bahasa jepang susah salah dikit beda arti jadi saya coba belajar lagi dgn ini udah mulai bisa lah bahasa jepang dikit dikit 🤙😭
Auliyya Rahmawati,5,2023-09-04 10:34:25,good
Zahdan Alfarizi,5,2023-09-04 07:35:52,saya suka apk nta bagus$😘😃
Romadona pratama,5,2023-09-04 03:17:03,sangat membantu
Rio Jowo,5,2023-09-03 06:50:08,Good
Epin Rosi,5,2023-09-03 04:09:25,seruuuu buat belajar enakkkk
Firstian Uzayr Hambali,5,2023-09-02 09:48:51,mantab
Realme Grey,5,2023-09-01 12:18:07,apk nya bagus poll
Fani Afani,4,2023-08-31 20:37:31,bagus
Abdi,5,2023-08-31 17:09:36,recommend
Rizky Dwi,5,2023-08-31 16:54:06,素晴らしい😗
Aldo Adinata,1,2023-08-31 14:42:27,Bunyi mloang mloang pop up nya mengganggu
Botot Belondo,5,2023-08-31 12:24:13,nice
Danang Cahya,5,2023-08-30 13:17:07,sangat membantu
Diki Ginanjar,5,2023-08-29 17:20:59,すごい
Aku Aja,5,2023-08-28 13:41:51,bagus
Asmada Aja,5,2023-08-27 15:26:09,sangat.bagus
Afikha Rajwi,5,2023-08-27 08:16:53,"di sini lengkap, bagus"
Santri Wolles,5,2023-08-27 06:59:41,"Aplikasi yang sangat 2 luar biasa,sangat membantu seseorang dalam belajar bahasa jepang,dengan fitur 2 yang moderen.どうもありがとうございました"
Eka Charolina Charolina,5,2023-08-27 05:48:54,good
Panji Prasetya,4,2023-08-26 17:33:45,good dah
Reisa Rahman,5,2023-08-26 07:18:09,semoga belajar otodidak saya bisa brangkat kerja di jepang amiiin
Shinta Nurwullan,5,2023-08-26 05:50:27,愛してる
Dede Setiawan,5,2023-08-25 03:41:43,apk nya sangat bagus dan mudah untuk dipahami
Daniel Febriansyah,5,2023-08-24 02:39:17,Bagus
chandra marchkilano,1,2023-08-23 03:33:49,"madep ey jang nugas, bie aing lier ayena ges teu lier dei, hatur nuhun"
Febriyana Ayu Wulandari,5,2023-08-23 01:39:34,💞💞
Adhyagung Nurendra Winarto,5,2023-08-22 03:28:52,Saya アグン
I Gede Maha Sutista (Gede Maha),5,2023-08-20 20:28:36,luar biasa
Dwi Murtiningsih,5,2023-08-20 07:07:20,suka. sangat membantu saat menerjemahkan kotoba yang tidak saya kenal sebelumnya. terimakasih
Afrizal Tanjuang,3,2023-08-19 14:50:59,oklah
Abrisam Putra,5,2023-08-19 01:48:08,Berguna untuk belajar B.Jepang serta mengetahui huruf kanji yang tidak kita ketahui
Doni Alpian,5,2023-08-17 09:43:58,keren banget ini aplikasinya terimakasih
Herry Antoni,5,2023-08-17 03:23:51,sangat bagusb
Rizal Andika,5,2023-08-15 03:27:17,luar biasa
Reihan Syahreza,5,2023-08-14 07:34:47,Sangat membantu untuk belajar bahasa Jepang dan saya sudah bisa dengan mudah berbahasa Jepang 星野愛
Hamman Abdurrofiq,5,2023-08-14 02:14:21,sangat membantu
Beruntung QQ,5,2023-08-13 09:29:07,cantik
YouTube Chenel baru,5,2023-08-13 07:29:18,baguss
Yoga 11 Akl,5,2023-08-12 13:31:05,keren
Hilfa Nst,5,2023-08-11 03:59:05,sangat baik
Van Dix,5,2023-08-10 17:43:07,aplksi in sangat bgus untuk belajar bahasa Jepang 😁
Alfandi Prima giovano,5,2023-08-09 22:05:10,sangat bagus
Marsha,5,2023-08-07 14:12:31,membantu banget
Klemensia Mugi,5,2023-08-07 12:04:34,Sukah banget
nyali kebal,5,2023-08-07 09:58:49,🅑🅐🅖🅤🅢 sangat membantu
Dika Ahmad,5,2023-08-07 02:58:50,ナイス
Masrilzal Ajo,4,2023-08-06 23:23:11,"Menurut ku sih nih aplikasi bagus banget, mudah digunakan dan beragam futur tersedia, dan eh btw, ini fitur premium nya Yang RP 212.000 ini beneran seumur hidup gak sih?"
Rasya Wisnu,5,2023-08-06 01:15:25,"bagus banget aplikasinya,semoga kedepannya jadi lebih bagus lagi"
Lucky Saputra,2,2023-08-05 17:08:48,mantap
ARB MUSIC MEDIA,5,2023-08-03 17:29:56,mulai belajar
SyamEo,5,2023-08-03 15:23:41,good
Amelia,5,2023-08-03 11:45:48,"Apk yg sangat membantu, saya sukaa"
Akmal Diqro,5,2023-08-03 10:22:48,Sangat bagus
Erik Kurniawan,5,2023-08-02 15:14:40,mantul
yudis Tira,5,2023-08-02 10:39:50,すごい
Ihksan Dwi,5,2023-07-30 08:14:14,jos
The boy VH,5,2023-07-30 02:45:10,sangat bagus
Cinta Band,5,2023-07-29 20:37:37,Kangen Band
Hamzah Hamzah,5,2023-07-29 10:54:40,saya terbantu banget dengan Aplikasi ini
dicky irwan wijaya,5,2023-07-28 02:38:52,Good
Zull Gaming,1,2023-07-27 14:40:19,Aneh sekarang jadi berbayar
Abi Khoir,5,2023-07-27 09:51:10,sukiii
Muhammad Khoirul,5,2023-07-26 13:21:34,sangat membantu sekali untuk belajar bahasa Jepang
Dody Official,5,2023-07-26 03:47:46,sugoi
Rizky agung Arita ferdiansyah,4,2023-07-25 17:50:46,cukup membantu belajar bahasa Jepang
Akung Cu,5,2023-07-25 12:50:51,baguss
Gafur Ji,5,2023-07-25 05:07:08,mantap
FILM 21,5,2023-07-25 03:32:05,"aplikasi sangat bagus, rekomend banget 😍😍😍"
Risman Bhaskara,3,2023-07-24 12:30:18,Bagus cuman berbayar
nissya soraya,5,2023-07-24 07:09:36,keren sangat membantu
Cecep syam ibrahim,5,2023-07-23 17:11:53,sangat memuaskan
ngurah yoga,1,2023-07-23 08:25:17,internal server error
Damar Alfarht,5,2023-07-23 05:44:03,apk yg sangat membantu sekali. tapi tolong buat pengertian ny agak lama gikit ketika mendengar kn penjelasan dari kosa kata tersebut
Agungruswanto Ruswanto,5,2023-07-21 16:35:55,bagus untuk pemula
Wahyu Ade Setiawan,5,2023-07-21 14:10:44,Baik
Cireng _anita,5,2023-07-21 12:14:01,aplikasi ini lumayan banyak membantu saya untuk memperdalam bahasa Jepang yang saya sukai
Rifqi Fauzi,5,2023-07-19 23:11:02,keren
anisa salsaR,5,2023-07-19 11:05:22,arigato mazzi.karna kamu aku jdi bisa bahasa japan.🙂
R I,5,2023-07-17 12:49:40,terimakasih
deni hasim,5,2023-07-17 01:55:48,nice
Setia PuspaRanti,5,2023-07-17 01:25:58,I've recommended this to all of my pupils
Wahyudin Fahmi,5,2023-07-16 16:09:07,sugoii
Suci Hutasoit,5,2023-07-16 15:05:40,sangat bagus
Zhafirah Fira,2,2023-07-16 07:11:08,"Prnh download jg,, trus gw cobain, emng sh dh tau ad iklan ny, y gw kira offline gtu, kn gw nyri yg offline. And meski dihapus msh bsa komen💐, plis lh update-an slnjtnya bsa offline 🤧😭, sadly bngtt🗿, loopp uuu🗿."
Efendy Wong,5,2023-07-13 10:08:18,lengkap dan mantab dengan suara
Nini Caswati,5,2023-07-12 01:29:59,mantappppp
Roman WB,4,2023-07-11 18:48:08,4 dulu
Tasmi,4,2023-07-11 07:06:44,bisa belajar sedikit sedikit
G'penkk 2201,4,2023-07-10 11:48:44,membantu
arif mangarif,5,2023-07-09 05:18:51,bermanfaat banget
ALIF W,5,2023-07-09 05:05:26,Mantap
yunataagresia Yuna,4,2023-07-08 23:37:56,Lumayan si tapi kalo belajar menulis nya premium lagian gw kurang ngerti
Nur Ayu Nadiyah,5,2023-07-08 14:16:41,"sangat membantu banget dalam belajar bahasa jepang dan bermanfaat sekali, terimakasih mazi"
CHRISTIN LESTARIA,4,2023-07-08 12:01:52,keren
Ahmad saepul Miraz,5,2023-07-08 03:24:30,aplikasi nya bagus bisa mempelajari bahasa asing
Asep yudi,4,2023-07-07 11:55:02,kakkoine
Novita Sari,4,2023-07-05 16:17:33,bagus
Andri Setyawan,5,2023-07-05 11:36:17,sugoi
REFKAYA BADRUN,5,2023-07-05 07:53:23,Alhamdulillah membantu
Peni Lestari Tamba,5,2023-07-04 12:39:46,Puas
Bento Simbolon,5,2023-07-04 12:24:55,lumayan
Pipit Fitriyani,5,2023-07-04 05:42:40,sangat membantu
andi farhan,5,2023-07-02 14:30:53,Sangat membantu sya dpt belajar semoga aplikasi ini selalu bagus dan tetap optimal performance
Aulia Azzahra,2,2023-07-01 05:41:08,Aplikasinya bagus tapi banyak yang premium jadi sedikit susah belajar nya
Triadi setiyawan,4,2023-06-30 09:56:55,aplikasi yg bagus
Maftagil Qubaysi,2,2023-06-30 04:29:20,Bagus sih ya aplikasinya tapi waktu mau mulai pelajaran nya masih loading dan loading nya lama
Wayan Sulendre,5,2023-06-29 07:11:59,oke
Dek Jul,3,2023-06-29 00:52:14,"aplikasi nya sgt bagus,bisa membantu saya mengerjakan tugas dan belajar latihan lainnya"
Am ia,1,2023-06-28 07:04:58,Lola dan terlalu byak hal g perlu
Empyrean Inæ,5,2023-06-26 04:49:03,Best app for learning Japan language and thanks
king sulaiman,5,2023-06-26 04:15:34,"ya suka dg apk nya meski yg buat bukan asli org indo ato Jepang, tp dia berusaha utk menyesuaikan dg anak muda disliruh dunia utk mau belajar bhs Jepang, この apk は とても いい と 思い よ三三ᕕ( ᐛ )ᕗ サンキュー"
Jenni,5,2023-06-26 01:58:53,syukaaa syekaleeeee
Johari 09,1,2023-06-25 14:24:28,mantul
Lewi Herodion,4,2023-06-25 12:45:48,sangat membantu untuk pemula
Eddie Setya,5,2023-06-24 15:47:03,"mantap worth it poll, ga kayak gugel translate yg kurang tepat"
Abdan Alghiffari,5,2023-06-24 13:26:36,aplikasi tersebut sangat membantu
Irfan Irfan,5,2023-06-21 04:30:18,puas bgt
Ersa Gaming,5,2023-06-21 03:48:11,Nice
Ataya Fiqri (atayafiqri10),4,2023-06-20 23:24:13,blm coba
Nuraini Zend,5,2023-06-20 20:30:57,"Aplikasi ini banyak mengajarkan ku bahasa Jepang, dengan aplikasi ini sy bisa berbahasa jepang dengan sehari hari, terima kasih Mazii"
Ahmad wildan,5,2023-06-19 15:42:26,saya sangat senang saat menggunakan aplikasi ini karena membantu seseorang ingin belajar bahasa japan
imron sodikin,4,2023-06-18 11:40:34,mantulss
Deniii,5,2023-06-17 09:32:04,terbaiks
TUTI ARIANI,5,2023-06-17 00:23:02,jadi menyenangkan belajarnya
Ketut Ginantra,5,2023-06-15 02:07:37,baik
Hendra Joker,5,2023-06-15 01:04:21,aplikasi ini sangat bagus untuk digunakan orang²
Akhmad Saefudin,5,2023-06-14 18:00:58,頑張ります
eko setiyawan,5,2023-06-13 11:06:54,"membantu belajar bahasa jepang,tetap semngat admin beri terjemahan berita"
sutrisno uptd,5,2023-06-13 09:02:12,sangat membantu
Sunar Ti,4,2023-06-12 04:55:42,bagus
Rachael simanjuntak 08,5,2023-06-09 14:41:30,terimakasih mazii saya makin pintar untuk berbicara dengan bahasa Jepang ☺☺☺☺☺☺☺☺☺☺☺☺☺☺☺☺☺☺☺☺☺☺☺☺☺☺☺☺☺☺☺☺☺☺☺☺☺☺☺
Nuha Aisya,5,2023-06-09 12:00:51,SAYA SUDAH BAYAR 276.000 TAPI BELUM UPGRADE KE PREMIUM PARAH!!!!
Arzak Aulia Rahman,5,2023-06-06 04:47:46,bagus
Shin “Damashi:v” Jin,5,2023-06-06 04:37:05,sugoi
Inayah,4,2023-06-05 23:14:04,Cara cepat mengahafal kanji yang flashcard dihilangkan yah min
Muh.romadon Rama,5,2023-06-05 02:18:23,Oke
Mahmud Yahya,5,2023-06-04 01:14:06,bagus
Ahmad Dai,5,2023-06-03 22:15:20,Thank you
Muhamad Firdaus (Daus),5,2023-06-03 07:46:28,semoga terus berkembang
Sukron Jvc 242,1,2023-06-02 14:29:26,Banyak iklan
SAIFUL ABIDIN,5,2023-06-02 12:19:36,bagus buat pemula ada translate dan penjelasannya juga
It's_Me_Gita,5,2023-06-01 10:00:11,Bagus bangettt 👌
I Gede Sujiana,5,2023-05-30 09:45:01,sangatt baikk
ketut mulyadi,4,2023-05-30 06:46:20,Good👍
Kurosawa san,5,2023-05-29 20:22:32,"このアプリケーションは居心地が良いね。apk nya bagus, mudah di gunakan di laptop ataupun hp juga, Kosakata lengkap dari mulai N5-N1 juga ada, dll. これは最高だ!"
Syafiq El fikri,5,2023-05-28 11:08:14,keren
Ardi Sihombing,5,2023-05-27 14:15:43,sangat membantu
SUHENDRI ID,5,2023-05-27 04:34:19,"sangat membantu sekali,untuk saya yang sedang belajar"
Abdul Rohman,5,2023-05-27 04:01:00,Goood
yunita fitriani,5,2023-05-27 02:23:27,Apknya bagus pokoknya kalian harus download mazii 😍
arlina ell,5,2023-05-26 03:10:18,sangat membantu
Husen Shuzen,5,2023-05-26 01:44:49,keren
Raul Pranagara,5,2023-05-25 17:34:54,"sangat puas tapi tolong, untuk bahasa Indonesia nya di perjelas dalam pemakaiannya yg tepat"
Bandun 05,5,2023-05-24 09:32:36,Oke
Bebeb Ayumi1702,5,2023-05-23 15:01:38,"bagus, gmpng trus"
Lucki Devit,3,2023-05-23 14:31:37,membantu tpi perbayar
ahong ahong,1,2023-05-23 10:23:08,Aplikasi yang bagus Musti kita kasi bintang lima
Enjel Iren,5,2023-05-23 01:46:01,すごい
Jn. Loey,5,2023-05-22 10:26:22,Bermanfaat sekali
Puja Sadilaa,5,2023-05-20 12:22:47,ini aplikasi keren bngtttttt
Sandika Dika,5,2023-05-19 23:47:06,sangat membantu untuk saya yang pemula
Siaga Raya,5,2023-05-19 02:42:27,bgus
Candrasyah Ican,5,2023-05-18 08:56:33,it's very good much to help me
War Nyo,5,2023-05-18 04:45:00,kebantu
Agus Budi Yarto,5,2023-05-17 19:19:27,the best aplikation
Tahinikuspita sari,5,2023-05-17 12:04:58,baik
abdur rosid,5,2023-05-16 11:42:24,nice
Tomy Tomytomylestyo,5,2023-05-16 02:32:29,🥰
Tony Heri,5,2023-05-15 21:50:23,mantap buat latihan & belajar
Good Ocay,5,2023-05-15 11:20:17,mantul
Dery Gts,4,2023-05-15 09:04:59,👍🏻
Nero Birds,5,2023-05-13 09:14:30,"menarik dan luar biasa, itu saja"
Joni Budiman,5,2023-05-08 11:30:44,sangat membantu sekali bagi pemula
mohammad sultan,5,2023-05-07 12:09:19,joky
Putu Adi,5,2023-05-07 02:14:30,terbaik......
Rizal Febrian,5,2023-05-06 17:55:47,sangat bermsnfaat
Rohmat Aljames,5,2023-05-05 05:59:06,jadi mengerti bahasa jepang.meskipun sedikit..
Sodiah Almunawaroh,3,2023-05-05 03:23:31,aplikasinya sangat berguna
Yo Satoru,5,2023-05-04 15:08:19,good
Yuliea Wijaya,1,2023-05-04 07:23:26,jangan mau donwload aplikasi ini sumpah engselin kalo mau belajar ada tulisan beli premium di paksa beli
Marcellobintang Marcellobintang,5,2023-05-03 18:46:45,Good apk
Ali Saepullah,3,2023-05-03 16:23:39,mantap
Yoga Wartana,2,2023-05-02 23:06:03,"Ketika melakukan pencarian translate kamus/kata dari Indonesia ke Jepang terdapat hasil kanji yang tidak ada furigana ataupun romaji, jadi sangat sulit untuk membacanya."
Free Fire,5,2023-05-02 07:14:48,Aplikasi ini sangat bagus untuk kalian belajar bahasa jepang. Ketika aku download ini aku jadi bisa mengartikan bahasa anime hehehe 👍
Arya Rahmansyah,5,2023-05-02 04:09:48,aplikasi nya bagus
Ani Dina,5,2023-05-02 03:58:21,aplikasi yang sakangan membantu
Wahyu N.c,5,2023-05-02 00:45:19,sangat membantu
Sri Astuti0909,5,2023-05-01 01:16:38,baguss
SALSA BILLA TITANIA BAHRI,5,2023-04-30 12:30:38,oishiii
Land Lord,5,2023-04-29 00:23:56,"Mantap , best app for tl Japanese word"
Wuranto Sake,5,2023-04-28 19:23:20,bagus mudah di mengerti👍
Rifai,5,2023-04-28 01:41:46,tambah fitur edit kata plis...
Angga Cahya,5,2023-04-27 03:54:25,oke
Arvito Ramadhani,4,2023-04-26 08:41:35,bagguuusssssss
Adi Pribowo,4,2023-04-26 00:24:56,bagus untuk belajar
Sheyra Hamel,5,2023-04-25 02:47:02,aplikasinya bagus membantu saya belajar dengan mudah
AsR,5,2023-04-24 02:38:44,"Oke aplikasi yang sangat bermanfaat, terimakasih"
Ska 81,1,2023-04-23 16:09:46,Jelek dan berbayar
Nesya Akila,5,2023-04-23 13:28:16,aku belajar dengan giat
Doli Loli,5,2023-04-23 01:02:46,sangat membantu
I Wayan Catur Paramaatma Dhany,5,2023-04-19 01:13:35,bagus sangat membantu
Nazwa Nazwa mailani,5,2023-04-18 20:09:46,bagus untuk pemula
KURNIAWAN,5,2023-04-18 11:08:56,terbaik
habib nurrohmann,5,2023-04-18 03:48:37,thank's for Mazii your with language fiture best recommended all people🤗
Muh Rossy Pratama,5,2023-04-18 03:07:26,mantap jiwa mazii
FATWA NUGRAHA SAPUTRA,5,2023-04-17 21:42:46,goof
Sidik kae,5,2023-04-17 08:46:05,bgus buat belajar b.Jepang
Ribra,4,2023-04-17 00:23:41,bagus tapi saya ingin mendapat fitur yang memudahkan belajar dan mencari kanji
Abdul Rahman,5,2023-04-15 20:04:34,Good
yasin karim,5,2023-04-15 06:25:21,puass
Dede Kurnia,5,2023-04-11 14:56:30,sukakali
Azzura,3,2023-04-11 08:18:07,"Sayang sekali kualitas terjemahan nya sangat menurun. Saya pakai mazii karena terjemahan nya lebih akurat dibanding g**gle translate, tapi sekarang terjemahan mazii & g**gle translate selalu sama. Kecewa sih."
Febina Rossita,3,2023-04-09 10:49:39,さんがtぁhめんがしかんばぎさや、てりまかしh。まじ
Diana amelia amelia,5,2023-04-07 08:02:30,terimakasih yah semenjak belajar di aplikasi ini udah bisa bahasa jepang
Eko Exo,5,2023-04-07 07:24:46,非常に役立ちます
Eringga Suanda esa,5,2023-04-06 17:23:47,Belajar cepat menghapal kosakata jepang
USOP KUN,5,2023-04-06 07:41:51,"bagusss bangettttt,. pertahanin Mimin mazii jangan pernah ngecawainnn😋❤️"
Cengxz,4,2023-04-03 22:30:30,Kurang paham di dalam apk nya
Afif alif rohman,5,2023-04-03 15:13:37,sangat membantu dalam belajar bahasa Jepang
Duta. Mertayasa,5,2023-04-03 00:56:10,sangat bagus dan mudah di gunakan dan tambah fitur agar biasa digunakan offline
Kevin Pasongli,5,2023-04-03 00:19:53,sangat bermanfaat
MSK Cindramata,5,2023-04-01 07:24:00,saya baru coba
Rendi Maulana,5,2023-03-31 15:57:33,aplikasi job
Windy Lestari,5,2023-03-31 15:16:52,"Aaaa daisuki,aplikasinya membantu banget buat pemula kaya aku"
Richard Ngkareng,5,2023-03-30 08:31:34,baik banget
Rendy AnrNew,4,2023-03-29 10:19:04,"Kenapa ketika belajar menulis harus bayar,why? Apakah ini terlalu mahal untuk saya yang gratisan"
sengkuni,4,2023-03-29 08:13:55,"Bre gwe kasih 4 dulu ye, mau belajar kalo udah bisa lancar gwe tambahkan. Soal nya mau magang kejepang trus bisa dapat bini"
02_Ahmad DzulKifli,5,2023-03-29 01:10:21,かっこい
Daniel Dexon Septian,5,2023-03-28 06:22:47,Mazii sangat keren yang sush gw belajar Jepang jadi bisa bahasa Jepang thx mazii
Dewi Komalasari,4,2023-03-28 02:22:40,Bagus dan lengkap jg praktis Cara penggunaannya Mudah tapi sayang banyak iklan nya
Kinco Rino,5,2023-03-26 03:28:02,Sangat memuaskan
Samsung A02,5,2023-03-26 03:16:02,baguss bgt apk ini
Di Bentrok,4,2023-03-25 07:53:24,Belum coba🚫
Bayu Prayoga,5,2023-03-24 08:32:18,baguss min
Rusmini Rusmini,5,2023-03-24 04:55:07,praktis
Cassandra Nur fathimah,5,2023-03-24 02:36:54,keren
Aries Wahyudi,5,2023-03-22 20:15:24,mudah dalam penggunaannya
Gopur Vlog,5,2023-03-22 19:30:10,sangat membantu
イルヴァンキリスビヤントロ,5,2023-03-22 17:35:53,mantap
Esih octta,5,2023-03-21 08:11:04,分かりやすい
50 subs challenge,5,2023-03-20 07:01:53,Untuk fitur tata bahasa tambahkan bahasa indonesia untuk contoh pola kalimatnya agar lebih mudah dan cepat untuk di pahami👍🏻👍🏻
shxxbi131 iKON,4,2023-03-19 00:33:11,sangat membantu
Retna Tri utami,5,2023-03-16 11:42:23,Aku suka bgt daisuki suki........ Sama aplikasi ini kita bisa belajar bahasa Jepang dengan lengkap.udah dulu ya makasih 🌼🌼🌼🌼
Sakura nn,5,2023-03-15 14:14:46,apk nya bagus bgt terjemahan nya super cepet penjelasan di tata bahasa nya juga mudah d mengerti 👍👍👍
Jefry Arif,5,2023-03-13 14:24:24,"Sangat menarik,sangat membanty"
Aat Cahyono,5,2023-03-13 10:14:28,lebih mudah untuk belajar bahasa jepang
DEDDI IRAWAN,5,2023-03-11 05:02:20,bagus kembangkan lagi
agus budi,5,2023-03-07 12:14:03,ntaps
Dendi Kurniawan,5,2023-03-07 09:25:04,mantap
Miaw Aug,4,2023-03-07 00:11:57,okayy
Adi Raka,5,2023-03-06 23:13:42,ya sangat membantu
Tukang Molor,5,2023-03-06 21:21:45,senang
Cariman Iman,5,2023-03-04 09:34:38,bagus sekali terimakasi mazii
Ari Herawati,5,2023-03-04 04:15:04,"bagus,bisa membantu biar lebih cepat pengahafalan"
indah melani,2,2023-03-03 09:50:54,ada yang saya kurang suka ya itu isi bayar saya itu jadi tidak mengerti tapi yang lain bagus 👍
Saifur Rohman,5,2023-03-01 08:15:16,mantul
baby gank,5,2023-02-28 02:18:52,keren
Luky Hadiwinata rachman,5,2023-02-28 01:13:30,Sangat bagus
kev skuy,1,2023-02-26 12:18:28,mantap
Asep Satria,5,2023-02-26 08:25:27,bismilah
Muplih Soleh,5,2023-02-25 08:29:49,good
Tokisaki Kurumi,1,2023-02-22 15:02:51,"Buat pertama, aku takut ini aplikasi tranfel bahasa tidak benar, aku takut nanti jika salah aku akan malu jika omong sma org jepang, tapi bhs nya salah, 🥺🥺"
Pirton Ananda,5,2023-02-22 11:32:41,nice
fanany rachmad,5,2023-02-21 09:58:34,Domo
MIYUKI MIKKI,5,2023-02-19 17:56:01,"lengkap kali, di jelaskan secara detail, kanjinya apa, cara bacanya... kata yang serupa... mantap"
Linggar M,5,2023-02-19 07:20:30,💪
INYONG TOK,5,2023-02-19 06:03:23,BedeBest
yung yung,5,2023-02-18 12:54:07,hai arigato ghozaimase
Suwartono,5,2023-02-18 07:52:40,"Aplikasi yg sangat membantu, terutama bagi pemula"
Patricia diva Tiara senja,5,2023-02-17 13:24:28,sangat membantu
Nifta Andrean,4,2023-02-17 03:15:13,baguss
Jais Tunalele,4,2023-02-16 04:32:19,Nanti di tamba lagi bintangnya jika super di gunakan🙏
Apa Aja,5,2023-02-14 16:40:06,Mantp
Balmond Kuat,5,2023-02-14 14:06:20,pokoknya mantulllll
Cuci Mata Suka-suka,5,2023-02-14 02:39:07,good
japan terbaru,4,2023-02-13 04:38:26,"bagus dan cukup membantu,tapi iklan buat lelet"
Kiki Dwi Rahmawati,5,2023-02-12 11:37:29,mantap apk nya
Alam raya,5,2023-02-12 10:38:43,mamtap
Indra Widi,4,2023-02-11 15:15:10,sangat bagus
Zhy Lover,5,2023-02-10 15:15:35,TERBAIK DUNIA AKHIRAT
M cardila channel,5,2023-02-10 11:03:10,propesonal
Bagas Fernando,5,2023-02-10 07:53:32,Bagus
Herlan Firmansyah,5,2023-02-09 15:03:53,mantap
Nonton Yu,5,2023-02-07 08:18:04,sangat bagus Skali mudah d mngeri trimakasih depeloper 😍😍😍😍
ardi theangelo,5,2023-02-05 06:05:43,keren banget
isaq adi,5,2023-02-05 04:36:21,kamus jepun mantab
Khansa Nazhifah,4,2023-02-04 12:24:29,"bgus bnget, klo kek gni bisa jadi wibu sejati donggg🗿🗿"
Woto Garenk,5,2023-02-04 02:19:45,aplikasi yg sangat membantu banget
Agus Gus,5,2023-02-03 12:55:20,ini bagus
99%,5,2023-02-03 08:48:32,Oke
BIMO SEWO,4,2023-02-02 14:10:13,mantap sih
bagas fernando,5,2023-02-01 13:23:07,Apk ini sNgat bagus tapi masukan dari saya tolong jangan di batasi translate foto nya pake ads gk papa yang penting gk di batasi
Inneke Girsang,4,2023-02-01 07:23:18,"bagus sih suka banget, lengkap tapi ga lengkap banget, smoga makin majuuu"
Saya Rijal,5,2023-01-31 14:41:22,bgus bnget aplikasi nya doumo arigatou gozaimasu...
Febrian Febrian,5,2023-01-31 11:06:14,bagus banget!!😆😘😘🥰😍🤩🤩
Shincaan,5,2023-01-30 18:16:56,smoga mmbantu
Muzul,5,2023-01-30 06:48:17,"aplikasi bahasa Jepang terbaikk sii inii, bener bner sesuai bgt lah pokok nyaaaa❤"
Kasni,5,2023-01-29 11:17:01,"Untuk seluruh fitur dari aplikasi ini sangat bagus dan bermanfaat. Tetapi masih memiliki kekurangan di terjemahan penjelasan tentang tata bahasa, sebaik bukan hanya bahasa Inggris saja tetapi tersedia juga bahasa Indonesia agar lebih membantu kami orang Indonesia untuk belajar bahasa Jepang dengan aplikasi yang sebagus ini"
Agung Wahono,5,2023-01-28 22:47:32,aplikasinya bagus banget
Dek Kadek,4,2023-01-28 10:54:38,ok
devin chikal,5,2023-01-25 10:45:33,bagus
Dhefy yupita sari,1,2023-01-25 02:51:12,sangat senang bs blajar bhasa jepang
Anastasya Cahya Winangun,5,2023-01-24 07:41:00,bagus bsngeettt sukaaaaaa❤️❤️❤️❤️
Indra Marko,5,2023-01-24 07:14:03,Mantap
Budi Santoso,5,2023-01-23 23:25:51,Bagusss
Aidil Dil,5,2023-01-23 15:48:39,aplikasinya sangat bagus buat pemula
Noer Nadya Silvia Ningsih,5,2023-01-21 02:32:00,berkat mazzi lulus N3 terimakasih mazzi🤗😍🤲🙏
bayu Hamdani,5,2023-01-20 13:56:35,bagus
Gamer Gaje,3,2023-01-19 14:06:36,kenapa tidak bisa mendaftar akun? saya gak tau kode refferalnya saya kosongkan gak bisa.
Salmah Agus,5,2023-01-18 04:20:36,puas baget
Chepi Setiadi,4,2023-01-17 14:23:21,すごいね
Yugo Yugo,5,2023-01-17 13:46:12,sangat puas
sarina elisa claudya,5,2023-01-16 13:04:21,good application
Abdul Dolah,5,2023-01-15 11:39:20,sugoii arigato
Wayan Jamet,5,2023-01-13 18:01:35,BAGUS
Ahmad Dulkholik,5,2023-01-13 16:47:10,Good
Dew Dew15,4,2023-01-13 13:25:24,Mencoba
Muhamad Fariz,5,2023-01-13 09:30:56,aplikasi yang sangat berguna untuk bljar bahasa jepang👍
Boboko Dobol,4,2023-01-12 12:35:20,lumayan
Rizky Rekon,5,2023-01-11 00:31:43,良かった
Rina Yuna,5,2023-01-10 07:07:40,apknya bagusss👍🏻👍🏻
HANDI OFFLINE,4,2023-01-09 06:28:41,keren
Mohamad Ismangil,5,2023-01-09 03:18:44,nice
Novia sionjoy sihotang Sihotang123,3,2023-01-07 16:00:05,nice
シスワンダ,5,2023-01-07 06:23:37,いいです
Salman Alfarisi,5,2023-01-06 23:17:52,っっがみん
Lana Kancil,5,2023-01-06 12:44:07,mantap sangat membantu
gilang bagus,1,2023-01-06 10:58:48,mantap
Goen Apriliansyah,5,2023-01-06 01:07:25,manten
Rosa Permatasari,5,2023-01-04 12:32:23,sangat membantu
Pandu Permana,5,2023-01-04 00:48:46,aplikasi yg sangat membantu
Fantastic,4,2023-01-03 23:21:34,Good 👍 Tingkat lagi
Nafi,5,2023-01-02 02:01:49,"mazii adalah aplikasi belajar bahasa Jepang paling lengkap yang pernah saya temukan, kotoba, kanji, pola kalimat ada disini.. tapi untuk membuka versi fullnya harus berbayar.."
Alesha Kids TV Official,5,2023-01-01 02:35:44,Puas
Khoirun Nisa Izzati,5,2022-12-29 09:27:02,Saya mau mencoba semoga bagus
Anjas Asmara,5,2022-12-28 06:39:39,aplikasi bagus sangat membantu
Amv NIME,5,2022-12-25 21:53:03,とてもいいです
farhan abid,1,2022-12-25 05:51:52,Mohon diperbaiki fitur tes JLPT
ridwan mubarok,5,2022-12-25 05:16:41,bahasa yang mudah untuk pemula mencari kotoba perkata yang cukup baik
Sumiatun 62,5,2022-12-19 12:27:10,nice
Rutbah Manzilah,4,2022-12-19 04:33:14,Jaidjiddan
Oshin,5,2022-12-19 04:18:38,sangat mendukung
Kamar Udin,5,2022-12-19 01:36:08,keren
Ii Rosi,5,2022-12-18 16:56:51,Bagus untuk menghafal kotoba sekalian kanjinya Thanks you so much❣️
Vicky SHEVCHENKO,5,2022-12-17 03:37:59,最高の会社で仕事のことくわしく教えていただきませんか
Trio Wibowo,4,2022-12-15 13:00:23,sangat baik
ウルムミフタヘゥル,5,2022-12-12 10:06:21,"bagus bgt nih apk, serius"
C' zoel,5,2022-12-10 23:24:00,"Sangat membantu sekali,dalam mempelajari tulisan jepang"
Ihyan M,5,2022-12-09 05:45:18,ありがとう
Novanda Putri I,5,2022-12-07 12:49:27,sangat membantu ^_^
Francisco,4,2022-12-07 08:23:20,ありがとうございます
yana Orenji,1,2022-12-07 05:03:02,Busuk
MzApri Maulana,1,2022-12-06 12:07:54,"Kurang di mengerti untuk latihan bahasa Jepang, dan lagi pula masa GK ad bendera Jepangnya?"
Agung Fauzi,1,2022-12-05 23:48:39,Ngebug
Ndari Sn,5,2022-12-05 02:20:05,terimakasih ini sangat membantu
Kimura Yamato,4,2022-12-04 02:47:45,Kenapa menu test gak muncul ya . Muncul panpug 505 [eror]
Prayoga Setianu,5,2022-12-02 11:05:01,keren
Supardi Prasetyo,5,2022-12-01 05:37:34,good apk
chikal tea,5,2022-11-30 02:06:30,sangat bagus
Arsat Dragon,4,2022-11-29 03:48:17,good
RAHMAT SA,5,2022-11-28 05:56:05,puas
saimin sugito,1,2022-11-28 02:27:05,Maaf saya masih bingung menggunakan kamus bahasa jepangnya.
Mas Wawan,5,2022-11-27 02:19:55,すごい
Maun Din,4,2022-11-26 15:49:08,bagus
Irfan Budiono,5,2022-11-26 02:40:16,mantapp
DANANG Eko,5,2022-11-25 10:50:25,mantaapp
Udik Udian,5,2022-11-25 01:05:34,bagus
Game For Life,5,2022-11-24 15:58:54,oke
Tantowi Yahya,5,2022-11-21 10:34:08,ok
Eneng Sinta,5,2022-11-20 14:06:26,Aplikasi yg sangat membantu
Deni Sutarno,4,2022-11-20 10:38:55,にせ
Dvi Cha,5,2022-11-19 14:21:56,ilmu ternyata perlu
Agusdwi Waluyo,4,2022-11-18 06:19:02,Sangat membantu
Grace Lasompoh,5,2022-11-17 04:44:32,bagus banget😭😭😭
Janur Prabowo,3,2022-11-16 13:58:09,sangat bantu
Kun Kun,5,2022-11-16 04:17:48,mudah
Rod Saban,5,2022-11-14 15:37:09,aplikasi ini bagus tapi harus pembayaran tapi aplikasi ini berguna bagi saya terima kasih
Asep Mardiana,5,2022-11-14 07:34:38,Good. Mudah insya Alloh Salam sehat selalu buat semua
Jimmy Erick,5,2022-11-12 07:44:18,keren
Yuse Yeleson,5,2022-11-10 02:03:36,mantap aplikasiya sangat membantu
Jamari Agus,5,2022-11-10 00:52:11,👍👍
Dwi Karmila Indah Sari,5,2022-11-09 15:23:47,alhamdulillah cocok
Ashfan Tamyiz,5,2022-11-07 10:12:01,Sangat berguna. gak bohong suy
sholikhul wildan,5,2022-11-05 03:29:14,"kenapa mesti bayar , harusnya gratis dlu 3bln , kalo bagus baru bayar"
Ni Komang Trisna Jayanti,5,2022-11-04 00:50:44,mudah di operasikan
aditya dwy,5,2022-11-01 13:57:50,Joss bget
Haris Alfiansyah,5,2022-11-01 00:51:24,masa bayar
shun paraboy,4,2022-10-31 15:26:23,bagus banget lah
fiki anjarsari,5,2022-10-27 18:13:25,sangat membantu saya
Alfaris Alfaris,5,2022-10-27 11:16:30,apk nya bagus bet dah
Jason Immanuel,5,2022-10-26 11:13:09,mempermudah
Test doang,4,2022-10-25 03:34:41,baru awal
Sound System,5,2022-10-25 02:39:58,Mantapss
Airlines Karpus,5,2022-10-23 17:49:01,sangat membantu
Martin Siburian,5,2022-10-22 17:54:10,mantap
Ketut Suastama,5,2022-10-22 07:02:34,Awesome app👍👍
Ahmad,5,2022-10-20 11:33:59,"benar benar aplikasi yang luar biasa, all in one, saiko jya"
Yusril Mahendra,3,2022-10-19 16:02:02,dapat membantu soal saya lengkap sih tapi gak lengkap karena gak bisa mempelajari tulisan nya
dina nuraeni,5,2022-10-19 09:12:16,Bagus sekali
Rizky Ramadhan Akbar,5,2022-10-18 02:22:55,good
Astra Juoku,5,2022-10-18 01:29:09,Lanjutken
Moh Imam Nurhadi,5,2022-10-17 23:09:03,aplikasi yang sangat membantu untuk persiapan tes jlpt
Iwan Kurniandi,3,2022-10-16 01:21:03,mantap....
Rizal Gepenk,5,2022-10-14 20:22:49,👍👍👍👍
Yoan queen,5,2022-10-12 13:41:25,no coment.
BOUTU 1994,5,2022-10-12 09:40:35,good
Evi Silaban,1,2022-10-08 05:59:24,mantap
Jajang Sukmana,1,2022-10-07 07:26:25,iy
CANDRA AGUNG Wondal,5,2022-10-06 16:58:37,goood
ONE WAY,5,2022-10-06 06:34:26,good
Jumri Pairunan,2,2022-10-05 18:26:12,Di coba dulu bosku
winda noventia,4,2022-10-04 14:17:45,"Aplikasi nya sudah bagus, tapi ketika untuk mencari kanji membutuhkan waktu yang cukup lama, mohon diperbaiki lagi"
Suwarto tiosaki,5,2022-10-04 11:52:46,memudahkan saya dalam belajar
Dwie Lestari X TM-2,5,2022-10-04 02:16:25,keren
Anamz _S_idealisme,5,2022-10-02 14:16:19,oke lah
Destia Ayu Pramugia,5,2022-09-28 06:47:39,Mantapp jiwa minasan
Gatot Pristiwanto,5,2022-09-27 22:58:08,bagus
Hendrawan Ney,5,2022-09-26 09:39:52,keren
Fryjinxな,5,2022-09-21 16:46:10,"Aplikasi ini sangat bagusss👍😁bisa lain lain lengkap, Saya belajar Kanji dari sini saja, tapi sayang banget yaa yang lain harus dibeli dulu😓😓"
Irfan Prasetyo,5,2022-09-21 12:20:17,bagus
Prida Napitupulu,5,2022-09-17 07:35:08,非常に満足
Anton 12,5,2022-09-14 05:12:14,baik
Riko Rahadian,5,2022-09-12 08:45:48,mantap
dhea puspita,5,2022-09-10 01:51:58,sangat suka dengan aplikasinya keren😍
Ahmad Fauzi,5,2022-09-08 11:30:43,terima kasih berkat ini ku bisa magang di jepang
Sari Balut,5,2022-09-07 13:25:11,good
ABDUL WAHAB ASSIDIQ ISMAIL,4,2022-09-06 22:57:19,Terbaik
Adiz Wakatobi,5,2022-09-05 00:57:03,Aplikasi ini sangat membantu untuk meningkatkan kemampuan belajar bahasa Jepang
アルフィーハムザ,5,2022-09-04 09:50:52,Membantu sekali buat simulasi tes jlpt
Deri Sumantri,5,2022-09-03 02:35:04,Good
Brotherion Aquatic,5,2022-09-01 06:52:05,mantap
Susi Ginanjar,4,2022-09-01 03:53:42,"Sudah bagus. Bisa dilengkapi dg perubahan kata bentuk masu, bentuk -te, bentuk -nai, dll. Seperti apps tetangga. Supaya mazii lbh lengkap, jd gak butuh apps lain lg."
Moh zaerin Bayhaqi,5,2022-08-31 19:20:40,Ok
Dam Maridam,5,2022-08-31 03:40:29,Ok josss
Sanji utama,5,2022-08-29 08:11:57,Aplikasi sangat membantu saya dalam pembelajaran bahasa Jepang pokoknya lengkap deh..
Mas Kikiii,4,2022-08-29 07:58:45,Aplikasinya mantab bagus banget!
anditaruma natadinagara,5,2022-08-27 16:48:27,Sangat membantu
FIN EYEESS,5,2022-08-26 06:02:54,Kasih full bintang ah yg penting bisa belajar...👍
Muhaimin Baharsyah2303,5,2022-08-26 03:29:38,Aplikasi ini sangat berguna bagi saya
Achmad Maulana,5,2022-08-25 07:13:38,Mantap
Syawal Diman,5,2022-08-25 02:29:06,すごいね
エレンイェーガー,5,2022-08-24 10:48:14,このアプリケーションは良いです私は5つ星を与えます
ghany official,5,2022-08-23 05:42:28,Good
Afdila Prm,1,2022-08-23 04:51:09,Bagus
MUSLIM CAR COMMUNITY,5,2022-08-23 03:45:10,"Bagus, baru pertama kali coba, sudah kepengen belajar lbh dlm lagi, mantaff, aplikasinya lengkap untuk belajar"
diazwaleng gazege,5,2022-08-22 20:16:41,BAGUS
イチロー信楽,5,2022-08-18 04:33:41,Keren
Arief gtg,5,2022-08-16 02:06:44,Kasih bintang 5 dulu kalo ada masalah segera perbaiki ya
Dedi Santoso,5,2022-08-15 15:07:14,Nice
adi rahim,5,2022-08-11 17:41:02,Oke
Meita sarah,2,2022-08-09 09:56:02,"Kasih 2 dulu, untuk buka fitur apk nya lama. Malah gk kebuka."
Indriyani Putri,4,2022-08-05 08:15:46,bagusssss
Nurul Ahlaa,5,2022-08-04 05:11:33,ありがとうございました。
Dhen lan,5,2022-08-03 14:43:03,Ngissssiingee mantafun
Kamal Kamal,5,2022-08-03 00:46:33,good
Ayu Pramania,4,2022-08-01 13:25:26,alikasinya lumayan membantu
Zaimun Imun,5,2022-07-31 12:03:03,Aplikasi ini sangat membantu saya dalam ber bahasa Jepang Terima kasih
Metz Doank,5,2022-07-30 23:29:11,bagus
Kaktus Mini,5,2022-07-30 02:09:00,Sangat mudah di gunakan dan di mengerti
Tutut Vidianto,5,2022-07-29 08:25:23,🙏arigatou
Gianti Camelia Afriliana,1,2022-07-28 13:46:21,Semenjak di update loadingnya lama bgt
Sura Mi,5,2022-07-28 12:18:27,Bagusssssssssss
Indra Caniago,5,2022-07-28 00:09:13,Suka
Deviana Elsa,3,2022-07-27 16:52:39,"Banguss apk nya , tapi sekarang waktu mau buka mazi lamaa banget ngga bisa"" Semoga cepat di perbaiki"
Faliaen Chan,5,2022-07-26 03:33:52,Magus
Ardian cibeda,4,2022-07-21 23:18:39,Sangat membantu
Kuriina Semao,5,2022-07-20 15:09:02,saya sangat senang dan sangat terbantu untuk belajar bahasa Jepang hingga lancar
Muhammad Rifky,5,2022-07-18 14:18:20,Mantap banget buat baca novel jepang
tsabitah azzahra,5,2022-07-18 01:20:32,Sangat membantu
Jamry Murni,1,2022-07-16 07:44:17,Bagus !
gifort Jifort,5,2022-07-16 06:22:08,Bagus
Wisnu Wahyudin,3,2022-07-14 22:26:15,puas
Anisa Anjani,5,2022-07-14 05:45:40,🥰🥰🥰🥰🥰🥰
erieroses,5,2022-07-10 03:21:51,Ok
OYOSH• Ikawa,4,2022-07-07 14:30:29,the best lah
Gagas M,5,2022-07-06 08:28:03,Nice aplication
BoYo,5,2022-07-05 03:10:31,good mantap
KP - Fahrial Nr,5,2022-07-03 15:11:48,bagus sangattttt
surya godrel,5,2022-07-03 13:28:16,Siip
Ali Abdul Khodir,3,2022-06-30 11:54:50,リスニングの問題に取り組んでいるとき、オーディオは常に失敗するので、もう一度修正してください
edi wahyudiyono,5,2022-06-29 06:16:52,Good
Fauzi Yahut,5,2022-06-21 08:20:04,Baguss
Bondan Winarno,5,2022-06-18 11:47:20,Bagus
Patrick Star Here,5,2022-06-16 21:54:58,Sangat membantu
Yudi Toyer,5,2022-06-15 12:48:02,Good
indra sulo,5,2022-06-15 10:52:12,Apk nya bagus banget.
Aida Wendi Lutfi,1,2022-06-14 08:13:43,estavel
Barang Baruk,5,2022-06-12 16:37:17,カッコイイ
The Fun Gamers,5,2022-06-12 14:35:05,Kereen
Muhammad Ikram,5,2022-06-11 14:31:16,nice
Indratedja. kusuma,5,2022-06-11 08:28:07,Mantab
Gwysheu Hshsjsj,5,2022-06-10 14:01:58,Arbani rifki
Hendrikus Aned,5,2022-06-07 12:09:59,アプリ　であるとこの　結構
Sigit Fitrianto,5,2022-06-06 12:43:10,マンタプ
GAMERS TV,4,2022-06-03 08:28:47,Halo min saya mencoba aplikasi ini semoga terbantu ya
Fabio Laoh,5,2022-05-29 07:38:25,keren dan bagus
AdeAndre sumantri,5,2022-05-29 01:40:10,Good
Dedii Musical,5,2022-05-26 09:01:11,Fucek
Entis Setiawan,5,2022-05-23 13:42:11,"Woww,.fiturnya lengkap"
pangestu jaya,4,2022-05-23 08:09:48,"Semenjak iklan jadi banyak, bahkan bisa dibilang spam, pengalaman pemakaian jadi kerasa menurun. Coba kek awal deh, iklan cukup pas awal aplikasi dibuka aj. Hdeh"
Afdhal Aditya,5,2022-05-19 01:57:25,いいです
Oto Nokuni,5,2022-05-17 13:50:32,makasih. kansha shimasu
ADITIA PRATAMA,5,2022-05-17 02:48:57,Uhuhu
Saghiri Chan,4,2022-05-15 14:30:05,Tidak bisa diakses
Haze,5,2022-05-13 17:04:26,"Very good! I can learn Japanese for free. Vocabulary N5 to N1 is totally free without paying. I hope Mazii stays like this! But, for grammar, please add an explanation in Indonesian, because the grammar doesn't support Indonesian yet. Thank you Mazii! 🤩🙏🏻"
Angga Irawan,5,2022-05-13 03:02:06,Menjadi wibu sejati harus bisa belajar bahasa Jepang!!!!🗿🗿
Fad Warriors,5,2022-05-06 10:44:05,Mantap membantu sekali
Budiansyah Channel (You tuber Indonesia),5,2022-05-05 02:24:05,痃癖
Ujangew Ujang,5,2022-05-04 07:07:12,Nice
Coki Coki,5,2022-05-03 12:23:35,goood
Fajar Fadilah Bahar,5,2022-04-23 14:13:32,Okeey
Nadila Firadina,5,2022-04-23 13:35:13,"sangat membantu, versi terbarunya membuat belajar makin semangat💪🏻"
Bongsoon Do,5,2022-04-21 07:17:49,Sangat membantu
Ridwan Anon,5,2022-04-20 01:58:21,さいこ
RuthID,5,2022-04-18 04:24:38,Fiturnya banyak aplinya bagus walau ada berbayar sedikit Tapi walau gratis udh ttp bagus. Gk rugi download
Afis Sahal,5,2022-04-17 07:47:14,kemren
Wildan adi,5,2022-04-13 19:44:23,Recomended
Wildaniar Azzahra,5,2022-04-12 04:27:27,Percobaan pertama bagus sih ini membantu banget buat nyari kotoba dll
Naim joker76,1,2022-04-10 02:58:56,Bisa mempermudah belajar bhs.lainnya
Iis Iskandardinata,5,2022-04-09 21:54:25,Ok
Jabami Yumeko,5,2022-04-09 03:07:24,lumayan lah
Clyoviska Christovany cozy,5,2022-04-04 02:05:15,"Mantap,bagus utk belajar"
SURAHMAN RAHMAN,5,2022-04-03 21:55:19,Good lah heje
Solikhul Jazair,1,2022-04-02 03:39:48,JANGAN DOWNLOAD APLIKASI SAMPAH INI!!!!!!!!
Kholifa Hairotunnisa,5,2022-03-31 01:52:03,Yeahhh moga bisa bantuuwww
Hasriu Hasoloan Silaban,5,2022-03-30 02:34:38,Ok
Muhamad Aprisal,5,2022-03-27 03:22:28,Sangat keren banget
By Kun,5,2022-03-22 20:07:36,ちょういいよ
Ikhsan Invest,5,2022-03-21 03:47:36,2心
jumadi gizi,4,2022-03-14 16:45:18,素晴らしい
Bismillah,3,2022-03-12 14:14:56,Saya sudah pake sekitar satu minggu tapi kok masih bingung sama fiturnya dan ujung ujungnya liat you tube😭
Wahyu Alfadani,5,2022-03-12 03:39:17,Sangat membantuuuuu ありがとうございました
Supriyanto Jxr,3,2022-03-10 14:46:40,Apk nya bagus semoga bisa membantu saya dalam belajar b.jepang
Safrizal Cutel,5,2022-03-05 19:10:54,Bagua
Khiim Bramastha,3,2022-03-01 18:18:44,Coba
Aliando Seso,5,2022-02-25 03:49:55,saya belum coba tapi alhamdullilah pasti bagus dan bermanfaat
Jhon Assa,1,2022-02-25 03:12:22,Good
Muhammad Robby,5,2022-02-25 02:38:37,Good
Muhammad Rudianto,5,2022-02-22 11:31:30,kren
ahmad rojudin,5,2022-02-21 13:56:24,aplikasi ini sangat membantu tolong iklan nya dong jgn terlalu banyak 邪魔するんだ
Tuahtalino As,5,2022-02-19 10:43:55,Apk nya sangat bagus membantu saya dalam belajar bahasa Jepang
Erwin Ramdani,5,2022-02-18 17:54:45,Sangat membantu
PUTRI CHANNEL,5,2022-02-18 08:16:04,Bgs ^^
Bagus Pratama Subianto,4,2022-02-17 17:15:18,すごい
Fariqa A. Najwa,5,2022-02-17 04:03:20,mantul
Muhamad Ikbal,1,2022-02-17 02:45:09,Jangan unduh apk inihh duit saya kesedot secara otomatis hati hati ya kalian
RIDWAN ALI,5,2022-02-16 13:23:05,Terimakasih telah mempermudah belajar bahas Jepang saya.
Jefri Hidayanto,4,2022-02-16 00:51:42,Sangat membantu untuk pekerjaan
Agusss,5,2022-02-14 19:48:21,Aplikasinya Sangat membantu saya belajar bahasa JakSel
jazi Lah,5,2022-02-14 17:10:31,Mantap
Wulan Berutu,5,2022-02-13 13:02:00,はい、すきでし
Aan Nurhidayanti,5,2022-02-09 05:02:43,Apk nya sangat bagus
026_Made Rahayu Ratna Dewi,5,2022-02-09 03:48:35,Mantap
Galang Albi Wirano,1,2022-02-07 04:26:19,"App nya kok gak full offline 😣😣 dan apalagi kalau mau online kok agak app keluar sendiri, dan juga kalo buat nulis kanji masih error karna gak muncul tulisannnya . Mohon perbaiki dong 🙏😐"
Codename: Bansky,5,2022-02-06 13:28:54,Membantu nambah kosa kota
Yummy Aple,5,2022-02-06 09:04:38,Aplikasinya bagus banget!!! Ya ampoen sekarang aku bisa translate bahasa Korea dari buku :) akhirnya bisa baca juga... Makasih hahahahahhahaha
Gloria Yoman,5,2022-02-05 23:02:38,Apk ini sngt bagus😎😎
茉 莉 花Jasmine,3,2022-02-03 22:28:24,"Lihat komentar teman"" jadi Ingin ikut belajar bahasa jepang"
solmar joseferhs.correia,5,2022-02-02 23:15:15,Semoga bermanfaat untuk saya yang ingin sekali belajar bahasa Jepang 🤝
Itsuki Kazuya,5,2022-02-02 13:25:35,Bagus
Bazuki Wahyu,5,2022-02-01 07:15:40,Nice
Van Syah,5,2022-01-29 17:47:18,まんたぷ
Semut Ngesot,5,2022-01-29 07:35:20,Ok
Fattur Rahman,5,2022-01-26 17:34:03,Aplikasinya keren musah digunakan dan juga ada tesnya untuk mengetahui materi sebelumnya
Putra Adnyana,2,2022-01-25 01:08:34,Ada beberapa kosa kata yang tidak tepat
Amal Mahatir,5,2022-01-24 01:51:24,"Oke""saya di sini sebagai manusia biasa"
MUHAMMAD RUDIATI RAMDHAN,5,2022-01-24 00:54:11,Ok
Maulana Firdaus,5,2022-01-23 19:43:03,Aplikasinya sangat membantu
Jefri Sandi,5,2022-01-20 08:13:30,Ok
Lenny Marlina,5,2022-01-19 04:54:00,😆
Qin De Xian,5,2022-01-17 16:17:10,Good
Vhyaa,5,2022-01-17 05:17:07,Keren
ju ni,5,2022-01-16 01:41:18,Keren
Yoki Isaku,5,2022-01-15 15:08:08,"Selama saya menggunakan App ini, semuanya lancar dan belum ada kendala. Good Job"
06 AJRIE SEPTA PRATAMA,5,2022-01-15 10:02:19,Apk bagus
Malik Syaifudin,5,2022-01-15 07:11:21,bagus sekali.. membantu
Ajjie Haryanto,5,2022-01-14 20:43:23,Good App
Muhammad Ahyar Safriudin,4,2022-01-14 13:36:18,"This is the first time I try this apps, i hope it's gonna be useful for me."
richie chai,5,2022-01-11 08:33:20,😍
IrFann Sptra,5,2022-01-11 02:05:59,App yang berguna buat pemula yg ingin belajar bahasa jepang
Aul lalawul,5,2022-01-06 19:10:31,Kadang apk lain klo menerjemahkan suka mlh jadi ngaco.tapi mazi ga sih love banget pokonya Cuman pas bagian foto kesedikitan ((( 5 ke sehari( jadi kadang pengen ganti apk apa lag klo lagi ujian
アルディンL.ギファリ,5,2022-01-05 09:32:15,このじしょはokです。
NURYADI,5,2022-01-04 23:55:02,おけ
Pitra ayudia Pitra,5,2022-01-02 13:59:43,Aku bisa bahasa jepang dengan apilakasi ini
Fatrawasi Aswar,5,2022-01-02 02:01:48,良い 👍
1.achmad nurhuda,5,2022-01-01 08:57:12,Lengkap
Linda Charisma,4,2021-12-29 05:26:13,"Saya sangat terbantu dengan aplikasi ini karena utk KMS jpg ke indo sedikit aplikasinya, belajar bahasa Jepang pun jadi menyenangkan"
Deviana Indah,5,2021-12-28 10:44:00,membantu
Kens 07,5,2021-12-28 03:09:35,Bagus banget sangat membantu dalam mempelajari bahasa jepang Sangat di sarankan bagi para weavo elit untuk mendownload apk ini :v
Riyaldi Hia,5,2021-12-27 14:06:28,Yg komen wibu semua:v
Aril kurniawan Awan,5,2021-12-26 02:10:17,Bagus
fatih ragil,5,2021-12-25 10:02:47,👍👍
Zaky Bedal,5,2021-12-21 20:46:32,Bagus
Syafira Rahma Syarifah,5,2021-12-21 12:34:23,Membantu sekali 😁
Dhea Surya Fitria,5,2021-12-19 05:53:29,Sangat membantu
Surga Neraka,5,2021-12-14 06:52:14,Aishiteru yo
MAPARI channel,5,2021-12-12 13:01:25,Wow
Naufal Zuhdi,5,2021-12-12 12:45:39,Sugoii
zero 07,5,2021-12-10 22:51:04,どうもありがとうございます、このアプリはいいと思う、他人に役に立ちますように。
syafii ayong,5,2021-12-09 15:16:13,Mntao bgus
Muhammad Amin,5,2021-12-08 01:40:21,Aplikasi yang sangat bagus
Arip Majid,4,2021-12-07 12:48:57,bagus buat yg buta huruf
Panotas Panotas,5,2021-12-06 03:57:07,Baagusss
Abdul Jabar Fauzi,5,2021-12-04 10:36:11,Sangat membantu sekali👌
Aris Clop,5,2021-12-03 01:45:02,Bagus
Hendy ajjah,5,2021-12-01 22:02:51,Baik baik untuk belajar
Jaenal Muttaqin,5,2021-12-01 21:33:04,OK
Farid Ma'ruf,5,2021-11-28 04:07:47,apk nya bagus banget makasih ya..hehe
Riedone Fadillah Ridwan Fadillah,5,2021-11-24 11:54:46,Good
Fendi Ysf,5,2021-11-21 23:48:18,Mantap gw dh hpl beberapa kosakata bahasa jepang😄👌
05_I Gusti Ngurah Giri Natha,5,2021-11-21 02:29:33,oke
Onde Mande,5,2021-11-20 14:01:22,Ok
Azmi Senpaii,5,2021-11-20 10:06:00,Mantap aplikasi nya
Dede Heryana heryana,5,2021-11-18 05:50:44,Sangat bermanfaat
10 Fahmi Ahmad hariyadi,4,2021-11-18 01:50:18,"Baru coba, semoga bagus apk nya"
イルファン,1,2021-11-16 09:20:24,Kok gak bisa di buat latihan jlpt gimana sih
Feri Alfiandi,1,2021-11-14 13:43:00,"Gak ada tulisannya, kalo jepang, tulisan jepat, latin nya gak ada, kacau"
BULL26,5,2021-11-13 16:04:34,Bagus
Rendragraha Pramudita (Ren),5,2021-11-09 22:52:47,"Keren sih sejauh ini 🤣, worth it. Aku suka"
Andre wo13,4,2021-11-09 17:21:02,良い
Fathur Qulub,5,2021-11-08 15:42:39,Baguss
SULAWESI PRIDE,5,2021-11-08 02:03:45,ありがとございます
nidu ·,2,2021-10-31 11:28:44,banyak bug
harun haeruddin,5,2021-10-29 22:52:37,bagus
Arif Anggara,5,2021-10-26 10:20:27,すき
Dzimar Atqiyya Rahayu,2,2021-10-26 09:50:05,"Ga disarankan, setiap hanya mencoba harus berlangganan terlebih dahulu chuakss"
Akbarsingkuh lagi,1,2021-10-26 03:22:30,Terlalu banyak iklan
OllaSerba Serbi,5,2021-10-25 13:43:52,I love Apuri ini
Muhamad Bintang,5,2021-10-22 09:21:52,menyenangkan
Tobika Yustii,5,2021-10-20 14:41:09,👍👍👍
Kenji Mendrofa,5,2021-10-19 13:07:49,Mantap
Vina Saputra,1,2021-10-19 08:51:53,ra jlz
Any Susanto,5,2021-10-19 05:32:33,Sangat membantu
Nur Ariska,5,2021-10-18 09:52:01,Apk nya bgus!
WARDI 997,5,2021-10-16 00:11:21,Aku suka
RIZAL ATUSSHOLIHIN,5,2021-10-15 00:23:50,Aplikasinya sangat membantu
christopher kilah,5,2021-10-14 05:14:20,Mantap
Jacky Respect,5,2021-10-13 10:40:38,Suka
FauziahRamadhan,5,2021-10-11 02:09:10,"Enakeeunnn, ngebantu, arigatou~~"
Karmudi Mudi,5,2021-10-09 07:06:59,bguss
FADLI AL FATHAN,5,2021-10-08 15:38:20,"Aplikasi ini membantuku,dan saya lebih mudah mengerjakan tugas dalam bahasa jepang dan mempelajari bahasa jepang,good lah pokoknya:)"
Alifabdul Rosid,5,2021-10-07 18:44:36,Sangat baik
Cintia,4,2021-10-06 03:57:10,"Belum ada ulasan. Soalnya belum pernah coba, baru kali ini downloadnya"
Ruddey Official,5,2021-10-05 10:58:26,"semoga lulus dalam ujian tes bhs jepang ya allah,😔"
Ricky Pariama,4,2021-10-02 15:19:15,bagus
Nurhayati Ane,5,2021-10-02 12:21:19,Rekomendasi sekali buat yg mau belajar bahasa jepang 👍
Bagas Ariga,5,2021-10-02 11:21:51,Kren
Koona,5,2021-10-02 05:21:35,凄い ok lah
Kefio Athian,5,2021-09-30 10:23:28,Good
Iqbal Arrasad,5,2021-09-30 03:41:30,すごい
Nurul Firdaus Estiani,5,2021-09-28 11:55:26,"bagus,baru pertama pakai langsung suka"
Dangdut Koplo,5,2021-09-26 04:27:02,Suka
ryan bakhtiar,5,2021-09-25 09:14:10,Bagus dan mudah digunakan juga mudah dipahami
SAMSUNG 02S,4,2021-09-23 11:32:21,Bagus bangetttttttttt
ロヒムミフタフル,5,2021-09-22 23:54:24,Mantap
Suharyanto Suharyanto,5,2021-09-22 03:41:18,Mudah dan lengkap
Christopher Pher,5,2021-09-22 01:26:34,Keren
asep bara,4,2021-09-21 20:40:45,良い
irawati septyaningrum,5,2021-09-21 11:33:11,Seneng banget belajar pakai mazzi. Lebih mempermudah belajar kanji nya.
Fani Oktaf,5,2021-09-21 05:38:19,Bagus
uzumaki adamkun,5,2021-09-20 14:39:30,Sangat membantu Hontoni arigatou gozaimasu......
Nurkholis B Saputra,5,2021-09-20 04:24:25,Kimochi
Aji Aristianto,5,2021-09-17 23:26:36,"Sangat membantu ,karena belajar dari 0 trimakasih"
Eky Sujianto,5,2021-09-16 07:19:54,Bagus
Danis Janwar,5,2021-09-15 20:03:16,オケ
Budi iman,5,2021-09-15 13:24:42,"Aplikasi sudah bagus, saya ingin upgrade ke premium tetapi selalu ditolak, saya pake via pulsa Telkomsel.. Tlong bantuannya"
Brian Moba,5,2021-09-15 10:08:01,Arigatou
Siahaan Fransisko,5,2021-09-14 11:12:39,"Makasih kak, mayan buat penerjemah tugas bahasa jepang :v"
Agustinus Agun,5,2021-09-12 07:44:57,Bagus sekali
iphox sipelaut,4,2021-09-10 14:42:31,Coba
albuni bubun,5,2021-09-07 16:58:31,Sugoi
Ceryn Cristania,5,2021-09-04 13:09:58,Aplikasi-Nya Bguss Bnget
Kurnia Fernando,5,2021-09-03 13:05:37,Best
DINO SEPTA,5,2021-09-01 10:19:07,So nice
Pendi al.bantani Bantani,5,2021-09-01 06:29:35,bagus batt ni apk!!!!!
Edi Edijuned,5,2021-08-31 08:42:41,Mantraaaaap! Arigato ne
Andhika Muchamad,4,2021-08-30 04:18:40,Good app
Buruuj Ahwaludin,5,2021-08-29 15:22:30,Yoy i
Slamet Mulyadi,5,2021-08-28 00:24:54,Sangat menbantu
abdurrahman bawazir,5,2021-08-26 22:44:30,Bagus bgt
Maryani 1975,5,2021-08-25 11:16:34,Wow£¢€¥π
Marnie-chan,5,2021-08-22 19:30:59,BEST!!!
Zahraa Apin,5,2021-08-21 17:28:38,面板つ
Yusuke Kinomo,5,2021-08-21 06:50:13,Akurat juga nih artinya mantap
rio silalahi,5,2021-08-21 04:36:42,Bagus
adhin 123,5,2021-08-20 03:17:50,"Aku dari pertama belajar bahasa Jepang menggunakan apk ini, suka banget, lengkap juga"
Regi Hudaya,5,2021-08-19 12:04:12,nice app
Teady Simanullang,5,2021-08-18 06:16:06,𝘼𝙥𝙠𝙣𝙮𝙖 𝙗𝙖𝙜𝙪𝙨 𝙩𝙤𝙡𝙤𝙣𝙜 𝙗𝙚𝙧𝙞 𝙪𝙡𝙖𝙨𝙖𝙣𝙣𝙮𝙖
Pamai Ganbatte,3,2021-08-15 22:40:16,Oke lah
shaffarel14,5,2021-08-15 03:41:14,Good
Zahra Maula,3,2021-08-12 22:35:01,Terlalu banyak iklan
RF 12,5,2021-08-10 13:31:10,Mantull!!!!!!!!!!!!!!!!! ! ! ! ! ! ! ! ! ! ! ! ! ! ! ! ! ! ! ! ! ! ! ! ! ! ! Jangan di scroll
Miftahudin,5,2021-08-08 12:52:54,kereeennn
Miss Lidya,5,2021-08-06 07:25:09,Good app and complete
Dimas Ricardo,4,2021-08-05 07:47:49,Tampilan HUD kurang baik
Winda Jumara,5,2021-08-04 07:07:12,Mantep
Bima eee Bima yuhu,5,2021-08-02 03:00:56,Aplikasi ini sangat membantu dalam belajar bahasa Jepang
Iman Lukman,5,2021-07-29 06:11:07,Sangat berguna dan bermanfaat
Arum Novitasari,1,2021-07-19 00:57:37,"Eror anjng, mana buat ngerjain tugas. Tba tba gak bisa buat translate. Mlesin bbgt"
Richard Pascal Masengi,5,2021-07-16 12:13:11,sugoi
NekojarNime Ch,5,2021-07-16 06:39:23,Bagus tapi tolong perbaiki fitur Terjemahan foto nya yang kalo foto model miring harus di potong dulu baru bisa di translate
Evan Octavian,5,2021-07-13 06:31:34,便利な事です。
Pos Sua,5,2021-07-13 03:35:20,Jos
Adi. C,1,2021-07-10 20:54:25,"Apaan ini!! Fitur ini sedang dikembangkan, klik lagi fitur ini sedang dikembangkan!!"
Samudra Ahmad Fauzi,5,2021-07-10 13:04:52,mantul mantap betul
Haris Maulana02,5,2021-07-09 16:29:04,Ok
Swantry EstNbb,5,2021-07-09 00:52:48,Ohe
Devista,5,2021-07-08 02:04:54,"おはよ 私わ 名前わ で日日です です,˙˚ʚ(´◡`)ɞ˚˙"
faza - kun,5,2021-07-03 06:23:57,ありがとうございます
Aditia Sulaiman,3,2021-07-02 20:16:22,Fitur khususnya kenapa ngak bisa di buka ya padahal aku dah update premium
Ridwan Nurarifin,5,2021-07-02 06:47:29,Kerenn
Nct WayV,5,2021-07-01 02:29:17,👍😊
jein juniarti06,4,2021-06-27 03:11:56,Bguss kaliii
Faraj Humairo Al Kabir Fii Jima' Wal Ni'mati,5,2021-06-25 20:24:19,Wuhuuuu
Afida Idasans,1,2021-06-25 14:18:44,Lama bet download nya kuota gua ampe habis ogeb!
Ahmad Baihaqi,5,2021-06-25 08:18:20,😊
Ofran Wenas,3,2021-06-22 07:24:44,Saya masih anak kecil dan saya suka main bola
Resky 17,5,2021-06-21 14:48:10,puas
Iksan Sugiarto,5,2021-06-21 10:04:14,sangat membantu
Jafar Simbolon,5,2021-06-21 02:29:25,bravo..
‘Jクララ,4,2021-06-16 13:39:22,Thank u app nya sangat membantu o∩_∩o
Retro世界,5,2021-06-15 18:10:59,"Aplikasi yang sangat bermanfaat, saya menyarankan teman-teman untuk memakai bahasa inggris saja.Karena untuk versi bahasa indonesianya masih sering salah dalam penerjemahannya karena mungkin terjemahannya hanya direct translate dari bahasa inggris ke indonesia. Saya ambil contoh seperti 右 yang artinya kanan.Karena dalam bahasa inggris berarti ""right"", dalam terjemahan indonesianya malah jadi ""benar"". Begitu saja, terimakasih."
alaydrus imron,5,2021-06-13 14:34:31,Ok
Bahar Aldat,5,2021-06-11 14:13:46,Mantap🗿
jajang Suparman,5,2021-06-10 02:25:05,baguss
Tegar Wijaya,5,2021-06-09 10:40:24,selama ini mantap
rafi ud,5,2021-06-09 09:28:39,Bagus
Nurul Huda Akmal,5,2021-06-09 03:13:43,Keren
Ancca Ancca,5,2021-06-08 15:09:19,5 stars
jofan kalengkongan,2,2021-06-08 12:20:08,"Aplikasi ga guna, nerjemahin kalimat aja ga bisa"
jokojr jokojr,5,2021-06-07 02:58:14,Bagus...
Oginawa Kun,2,2021-06-06 09:44:37,nice
Lee Taeyong,4,2021-06-03 15:22:50,Baguss membantu bgt kanji nya jg lengkap tata cara urutan nulis kanjinya jg mudah. Dan ada tes jlptnya jd bisa buat latihan😊
neni nurhalimah,5,2021-06-03 06:29:21,Good
Hendri Natja,5,2021-06-02 03:02:25,Good
anchor khabbi,5,2021-05-30 10:41:10,Baik sekali
wasim nuridin,5,2021-05-28 15:47:48,Keren
Hery anugrah,5,2021-05-27 11:50:20,すごい
brilliant Candy,5,2021-05-27 04:35:28,Baguss
Fadilah Arfandy,5,2021-05-26 05:20:52,マンタプ
Crooz zero,2,2021-05-22 17:00:51,Arti kata nya kurang diperjelas...kebanyakan dari yg saya telusuri lebih mengena ke frasa sama kanji nya aja.
Yadi 2021,5,2021-05-19 17:09:39,Mntap nyoss 👍👍👍
Richa Amelia,5,2021-05-19 03:53:22,"Bisa buat latihan jawab soal"" jlpt"
Moch Zaeni,5,2021-05-18 08:05:12,Siip
imtiyaz aulia,3,2021-05-17 05:15:36,Can You Give Me A Latin Tesk?
Syaefudin 2192,5,2021-05-17 03:25:29,"saya masih bingung dengan kata bahasa indo sama, tapi ada banyak arti yg berbeda. mohon petunjuknya."
Izzul Haq,5,2021-05-15 19:30:51,aw kernw
Nursyah Muthmainnah,5,2021-05-12 06:29:12,Nice
Dhea Talia Salsabila,5,2021-05-08 02:18:52,Good
Ahmad Adi prasetio,5,2021-05-06 08:11:52,Nice
Satria-kun Saikou,5,2021-05-06 00:39:31,Benkyou ga kantan ni natteru yo.. sankyu
Kiyo Ko,4,2021-05-04 23:15:18,Ini gimana yah pas di update. audio beritanya emang tidak ada slow optionnya atau saya yang tidak tau dimana? Tolong dijawab
Nurul Handayani,1,2021-05-04 10:45:40,Ko cara baca nya beda sama suara nya ya? Saya salah setting nya kah atau gimana
Ferry Edyzein,5,2021-05-04 03:12:38,nice
Joose Kurniawan,4,2021-05-01 18:24:16,Bagus
Rznalfi_,5,2021-04-28 14:23:18,Aplikasi ini sangat membantu
Siska Safitri,5,2021-04-28 03:18:13,Bagus!
Dewi Syamsunia,5,2021-04-25 15:08:51,最高のアップル! ありがとうございます
asep hamzah,5,2021-04-25 06:59:54,ok
Rizky Sitohang,5,2021-04-22 03:52:42,そう
Echaa,5,2021-04-19 05:26:48,Good
AfzieL AhMaD,5,2021-04-18 15:13:20,Aplikasinya bagus... Dapat ilmu yang bermanfaat
18B-003-Elvira Masitho Resmi Agustin,5,2021-04-18 07:11:25,すごいいいいいいいい。ありがとうございます。
